family,short_name,description,source
RF00001,5S rRNA,5S ribosomal RNA,builtin
RF00002,5.8S rRNA,5.8S ribosomal RNA,builtin
RF00003,U1,U1 spliceosomal RNA,builtin
RF00004,U2,U2 spliceosomal RNA,builtin
RF00005,tRNA,Transfer RNA family,builtin
RF00006,Vault RNA,Vault RNA,builtin
RF00007,RNase P,RNase P RNA,builtin
RF00008,Hammerhead,Hammerhead ribozyme,builtin
RF00009,IRES,Internal ribosome entry site family,builtin
RF00010,Telomerase,Telomerase RNA,builtin
RF00011,SRP,Signal recognition particle RNA,builtin
RF00012,U3,U3 small nucleolar RNA,builtin
RF00013,U4,U4 spliceosomal RNA,builtin
RF00015,U6,U6 spliceosomal RNA,builtin
RF00016,6S,Bacterial 6S RNA,builtin
RF00017,Metazoan SRP,Metazoan signal recognition particle RNA,builtin
RF00018,TmRNA,Transfer-messenger RNA,builtin
RF00019,RF00019,RF00019,fallback
RF00020,RF00020,RF00020,fallback
RF00021,RF00021,RF00021,fallback
RF00022,RF00022,RF00022,fallback
RF00023,RF00023,RF00023,fallback
RF00024,RF00024,RF00024,fallback
RF00026,RF00026,RF00026,fallback
RF00027,RF00027,RF00027,fallback
RF00028,RF00028,RF00028,fallback
RF00029,RF00029,RF00029,fallback
RF00030,RF00030,RF00030,fallback
RF00031,RF00031,RF00031,fallback
RF00032,RF00032,RF00032,fallback
RF00034,RF00034,RF00034,fallback
RF00036,RF00036,RF00036,fallback
RF00037,RF00037,RF00037,fallback
RF00040,RF00040,RF00040,fallback
RF00041,RF00041,RF00041,fallback
RF00042,RF00042,RF00042,fallback
RF00045,RF00045,RF00045,fallback
RF00046,RF00046,RF00046,fallback
RF00047,RF00047,RF00047,fallback
RF00048,RF00048,RF00048,fallback
RF00049,RF00049,RF00049,fallback
RF00050,RF00050,RF00050,fallback
RF00051,RF00051,RF00051,fallback
RF00053,RF00053,RF00053,fallback
RF00054,RF00054,RF00054,fallback
RF00055,RF00055,RF00055,fallback
RF00056,RF00056,RF00056,fallback
RF00057,RF00057,RF00057,fallback
RF00059,RF00059,RF00059,fallback
RF00061,RF00061,RF00061,fallback
RF00066,RF00066,RF00066,fallback
RF00067,RF00067,RF00067,fallback
RF00068,RF00068,RF00068,fallback
RF00069,RF00069,RF00069,fallback
RF00070,RF00070,RF00070,fallback
RF00071,RF00071,RF00071,fallback
RF00072,RF00072,RF00072,fallback
RF00073,RF00073,RF00073,fallback
RF00074,RF00074,RF00074,fallback
RF00075,RF00075,RF00075,fallback
RF00076,RF00076,RF00076,fallback
RF00078,RF00078,RF00078,fallback
RF00079,RF00079,RF00079,fallback
RF00080,RF00080,RF00080,fallback
RF00082,RF00082,RF00082,fallback
RF00083,RF00083,RF00083,fallback
RF00085,RF00085,RF00085,fallback
RF00086,RF00086,RF00086,fallback
RF00087,RF00087,RF00087,fallback
RF00088,RF00088,RF00088,fallback
RF00089,RF00089,RF00089,fallback
RF00090,RF00090,RF00090,fallback
RF00091,RF00091,RF00091,fallback
RF00092,RF00092,RF00092,fallback
RF00093,RF00093,RF00093,fallback
RF00096,RF00096,RF00096,fallback
RF00097,RF00097,RF00097,fallback
RF00099,RF00099,RF00099,fallback
RF00100,RF00100,RF00100,fallback
RF00101,RF00101,RF00101,fallback
RF00102,RF00102,RF00102,fallback
RF00103,RF00103,RF00103,fallback
RF00104,RF00104,RF00104,fallback
RF00105,RF00105,RF00105,fallback
RF00106,RF00106,RF00106,fallback
RF00108,RF00108,RF00108,fallback
RF00109,RF00109,RF00109,fallback
RF00110,RF00110,RF00110,fallback
RF00111,RF00111,RF00111,fallback
RF00112,RF00112,RF00112,fallback
RF00113,RF00113,RF00113,fallback
RF00114,RF00114,RF00114,fallback
RF00127,RF00127,RF00127,fallback
RF00128,RF00128,RF00128,fallback
RF00129,RF00129,RF00129,fallback
RF00130,RF00130,RF00130,fallback
RF00131,RF00131,RF00131,fallback
RF00132,RF00132,RF00132,fallback
RF00133,RF00133,RF00133,fallback
RF00134,RF00134,RF00134,fallback
RF00135,RF00135,RF00135,fallback
RF00136,RF00136,RF00136,fallback
RF00137,RF00137,RF00137,fallback
RF00138,RF00138,RF00138,fallback
RF00139,RF00139,RF00139,fallback
RF00140,RF00140,RF00140,fallback
RF00142,RF00142,RF00142,fallback
RF00143,RF00143,RF00143,fallback
RF00144,RF00144,RF00144,fallback
RF00145,RF00145,RF00145,fallback
RF00147,RF00147,RF00147,fallback
RF00149,RF00149,RF00149,fallback
RF00150,RF00150,RF00150,fallback
RF00151,RF00151,RF00151,fallback
RF00152,RF00152,RF00152,fallback
RF00153,RF00153,RF00153,fallback
RF00154,RF00154,RF00154,fallback
RF00155,RF00155,RF00155,fallback
RF00156,RF00156,RF00156,fallback
RF00157,RF00157,RF00157,fallback
RF00158,RF00158,RF00158,fallback
RF00160,RF00160,RF00160,fallback
RF00162,RF00162,RF00162,fallback
RF00163,RF00163,RF00163,fallback
RF00164,RF00164,RF00164,fallback
RF00165,RF00165,RF00165,fallback
RF00166,RF00166,RF00166,fallback
RF00167,RF00167,RF00167,fallback
RF00168,RF00168,RF00168,fallback
RF00169,RF00169,RF00169,fallback
RF00172,RF00172,RF00172,fallback
RF00174,SAM,SAM riboswitch family,builtin
RF00175,RF00175,RF00175,fallback
RF00177,CsrB,CsrB and related bacterial small RNAs,builtin
RF00178,RF00178,RF00178,fallback
RF00179,RF00179,RF00179,fallback
RF00180,RF00180,RF00180,fallback
RF00181,RF00181,RF00181,fallback
RF00183,RF00183,RF00183,fallback
RF00185,RF00185,RF00185,fallback
RF00186,RF00186,RF00186,fallback
RF00187,RF00187,RF00187,fallback
RF00188,RF00188,RF00188,fallback
RF00189,RF00189,RF00189,fallback
RF00190,RF00190,RF00190,fallback
RF00191,RF00191,RF00191,fallback
RF00195,RF00195,RF00195,fallback
RF00198,RF00198,RF00198,fallback
RF00199,RF00199,RF00199,fallback
RF00200,RF00200,RF00200,fallback
RF00201,RF00201,RF00201,fallback
RF00202,RF00202,RF00202,fallback
RF00203,RF00203,RF00203,fallback
RF00204,RF00204,RF00204,fallback
RF00205,RF00205,RF00205,fallback
RF00206,RF00206,RF00206,fallback
RF00210,RF00210,RF00210,fallback
RF00211,RF00211,RF00211,fallback
RF00212,RF00212,RF00212,fallback
RF00213,RF00213,RF00213,fallback
RF00214,RF00214,RF00214,fallback
RF00216,RF00216,RF00216,fallback
RF00217,RF00217,RF00217,fallback
RF00218,RF00218,RF00218,fallback
RF00221,"Balaenoptera physalus isolate FinWhale-01 scaffold5699, whole genome shotgun seq","Balaenoptera physalus isolate FinWhale-01 scaffold5699, whole genome shotgun sequence",header
RF00222,RF00222,RF00222,fallback
RF00223,RF00223,RF00223,fallback
RF00224,RF00224,RF00224,fallback
RF00226,RF00226,RF00226,fallback
RF00229,RF00229,RF00229,fallback
RF00230,RF00230,RF00230,fallback
RF00231,RF00231,RF00231,fallback
RF00232,RF00232,RF00232,fallback
RF00233,RF00233,RF00233,fallback
RF00234,RF00234,RF00234,fallback
RF00237,RF00237,RF00237,fallback
RF00238,RF00238,RF00238,fallback
RF00239,RF00239,RF00239,fallback
RF00241,RF00241,RF00241,fallback
RF00244,RF00244,RF00244,fallback
RF00245,RF00245,RF00245,fallback
RF00246,RF00246,RF00246,fallback
RF00247,RF00247,RF00247,fallback
RF00248,RF00248,RF00248,fallback
RF00249,RF00249,RF00249,fallback
RF00250,RF00250,RF00250,fallback
RF00251,RF00251,RF00251,fallback
RF00253,RF00253,RF00253,fallback
RF00254,RF00254,RF00254,fallback
RF00255,RF00255,RF00255,fallback
RF00256,RF00256,RF00256,fallback
RF00257,RF00257,RF00257,fallback
RF00258,RF00258,RF00258,fallback
RF00259,RF00259,RF00259,fallback
RF00260,RF00260,RF00260,fallback
RF00261,RF00261,RF00261,fallback
RF00263,RF00263,RF00263,fallback
RF00264,RF00264,RF00264,fallback
RF00265,RF00265,RF00265,fallback
RF00266,RF00266,RF00266,fallback
RF00267,RF00267,RF00267,fallback
RF00270,RF00270,RF00270,fallback
RF00271,RF00271,RF00271,fallback
RF00272,RF00272,RF00272,fallback
RF00273,RF00273,RF00273,fallback
RF00274,RF00274,RF00274,fallback
RF00275,RF00275,RF00275,fallback
RF00276,RF00276,RF00276,fallback
RF00277,RF00277,RF00277,fallback
RF00278,RF00278,RF00278,fallback
RF00279,RF00279,RF00279,fallback
RF00280,RF00280,RF00280,fallback
RF00281,RF00281,RF00281,fallback
RF00282,RF00282,RF00282,fallback
RF00283,RF00283,RF00283,fallback
RF00284,RF00284,RF00284,fallback
RF00285,RF00285,RF00285,fallback
RF00286,RF00286,RF00286,fallback
RF00287,RF00287,RF00287,fallback
RF00288,RF00288,RF00288,fallback
RF00289,RF00289,RF00289,fallback
RF00291,RF00291,RF00291,fallback
RF00296,RF00296,RF00296,fallback
RF00300,RF00300,RF00300,fallback
RF00301,RF00301,RF00301,fallback
RF00302,RF00302,RF00302,fallback
RF00303,RF00303,RF00303,fallback
RF00304,RF00304,RF00304,fallback
RF00307,Arabidopsis thaliana chromosome 3,Arabidopsis thaliana chromosome 3,header
RF00309,RF00309,RF00309,fallback
RF00311,RF00311,RF00311,fallback
RF00315,RF00315,RF00315,fallback
RF00319,RF00319,RF00319,fallback
RF00321,RF00321,RF00321,fallback
RF00322,RF00322,RF00322,fallback
RF00324,RF00324,RF00324,fallback
RF00325,RF00325,RF00325,fallback
RF00326,RF00326,RF00326,fallback
RF00328,RF00328,RF00328,fallback
RF00329,RF00329,RF00329,fallback
RF00330,RF00330,RF00330,fallback
RF00332,RF00332,RF00332,fallback
RF00333,RF00333,RF00333,fallback
RF00334,RF00334,RF00334,fallback
RF00335,RF00335,RF00335,fallback
RF00337,RF00337,RF00337,fallback
RF00339,RF00339,RF00339,fallback
RF00340,RF00340,RF00340,fallback
RF00341,RF00341,RF00341,fallback
RF00342,RF00342,RF00342,fallback
RF00343,RF00343,RF00343,fallback
RF00344,RF00344,RF00344,fallback
RF00345,RF00345,RF00345,fallback
RF00348,RF00348,RF00348,fallback
RF00349,RF00349,RF00349,fallback
RF00350,RF00350,RF00350,fallback
RF00351,Arabidopsis thaliana chromosome 4,Arabidopsis thaliana chromosome 4,header
RF00352,RF00352,RF00352,fallback
RF00353,RF00353,RF00353,fallback
RF00355,RF00355,RF00355,fallback
RF00356,RF00356,RF00356,fallback
RF00357,RF00357,RF00357,fallback
RF00358,RF00358,RF00358,fallback
RF00359,RF00359,RF00359,fallback
RF00360,RF00360,RF00360,fallback
RF00361,RF00361,RF00361,fallback
RF00368,RF00368,RF00368,fallback
RF00369,RF00369,RF00369,fallback
RF00373,RF00373,RF00373,fallback
RF00375,RF00375,RF00375,fallback
RF00376,RF00376,RF00376,fallback
RF00377,RF00377,RF00377,fallback
RF00378,RF00378,RF00378,fallback
RF00379,RF00379,RF00379,fallback
RF00380,RF00380,RF00380,fallback
RF00381,RF00381,RF00381,fallback
RF00382,RF00382,RF00382,fallback
RF00383,RF00383,RF00383,fallback
RF00386,RF00386,RF00386,fallback
RF00387,RF00387,RF00387,fallback
RF00391,RF00391,RF00391,fallback
RF00392,RF00392,RF00392,fallback
RF00393,RF00393,RF00393,fallback
RF00394,RF00394,RF00394,fallback
RF00396,RF00396,RF00396,fallback
RF00397,RF00397,RF00397,fallback
RF00398,RF00398,RF00398,fallback
RF00399,RF00399,RF00399,fallback
RF00400,RF00400,RF00400,fallback
RF00401,RF00401,RF00401,fallback
RF00402,RF00402,RF00402,fallback
RF00403,RF00403,RF00403,fallback
RF00404,RF00404,RF00404,fallback
RF00405,RF00405,RF00405,fallback
RF00406,RF00406,RF00406,fallback
RF00407,RF00407,RF00407,fallback
RF00408,RF00408,RF00408,fallback
RF00409,RF00409,RF00409,fallback
RF00410,RF00410,RF00410,fallback
RF00411,RF00411,RF00411,fallback
RF00412,RF00412,RF00412,fallback
RF00413,RF00413,RF00413,fallback
RF00414,RF00414,RF00414,fallback
RF00415,RF00415,RF00415,fallback
RF00416,RF00416,RF00416,fallback
RF00417,RF00417,RF00417,fallback
RF00418,RF00418,RF00418,fallback
RF00419,RF00419,RF00419,fallback
RF00420,RF00420,RF00420,fallback
RF00421,RF00421,RF00421,fallback
RF00422,RF00422,RF00422,fallback
RF00423,RF00423,RF00423,fallback
RF00424,RF00424,RF00424,fallback
RF00425,RF00425,RF00425,fallback
RF00426,RF00426,RF00426,fallback
RF00427,RF00427,RF00427,fallback
RF00428,RF00428,RF00428,fallback
RF00429,RF00429,RF00429,fallback
RF00430,RF00430,RF00430,fallback
RF00431,RF00431,RF00431,fallback
RF00432,RF00432,RF00432,fallback
RF00435,RF00435,RF00435,fallback
RF00436,RF00436,RF00436,fallback
RF00438,RF00438,RF00438,fallback
RF00439,RF00439,RF00439,fallback
RF00440,RF00440,RF00440,fallback
RF00442,RF00442,RF00442,fallback
RF00443,RF00443,RF00443,fallback
RF00444,RF00444,RF00444,fallback
RF00445,RF00445,RF00445,fallback
RF00446,RF00446,RF00446,fallback
RF00447,RF00447,RF00447,fallback
RF00449,RF00449,RF00449,fallback
RF00451,RF00451,RF00451,fallback
RF00452,RF00452,RF00452,fallback
RF00454,RF00454,RF00454,fallback
RF00455,RF00455,RF00455,fallback
RF00456,RF00456,RF00456,fallback
RF00457,RF00457,RF00457,fallback
RF00459,RF00459,RF00459,fallback
RF00460,RF00460,RF00460,fallback
RF00461,RF00461,RF00461,fallback
RF00464,RF00464,RF00464,fallback
RF00467,RF00467,RF00467,fallback
RF00468,RF00468,RF00468,fallback
RF00471,RF00471,RF00471,fallback
RF00472,RF00472,RF00472,fallback
RF00473,RF00473,RF00473,fallback
RF00474,RF00474,RF00474,fallback
RF00475,RF00475,RF00475,fallback
RF00476,RF00476,RF00476,fallback
RF00478,RF00478,RF00478,fallback
RF00479,RF00479,RF00479,fallback
RF00480,RF00480,RF00480,fallback
RF00482,RF00482,RF00482,fallback
RF00483,RF00483,RF00483,fallback
RF00484,RF00484,RF00484,fallback
RF00485,RF00485,RF00485,fallback
RF00486,RF00486,RF00486,fallback
RF00487,RF00487,RF00487,fallback
RF00489,RF00489,RF00489,fallback
RF00490,RF00490,RF00490,fallback
RF00492,RF00492,RF00492,fallback
RF00493,RF00493,RF00493,fallback
RF00494,RF00494,RF00494,fallback
RF00495,RF00495,RF00495,fallback
RF00504,RF00504,RF00504,fallback
RF00506,RF00506,RF00506,fallback
RF00507,RF00507,RF00507,fallback
RF00512,RF00512,RF00512,fallback
RF00513,RF00513,RF00513,fallback
RF00514,RF00514,RF00514,fallback
RF00515,RF00515,RF00515,fallback
RF00516,Bacillus gobiensis strain FJAT-4402 chromosome,Bacillus gobiensis strain FJAT-4402 chromosome,header
RF00517,RF00517,RF00517,fallback
RF00518,RF00518,RF00518,fallback
RF00519,RF00519,RF00519,fallback
RF00520,RF00520,RF00520,fallback
RF00521,RF00521,RF00521,fallback
RF00522,RF00522,RF00522,fallback
RF00523,RF00523,RF00523,fallback
RF00524,RF00524,RF00524,fallback
RF00525,RF00525,RF00525,fallback
RF00528,RF00528,RF00528,fallback
RF00529,RF00529,RF00529,fallback
RF00530,RF00530,RF00530,fallback
RF00532,RF00532,RF00532,fallback
RF00534,RF00534,RF00534,fallback
RF00535,RF00535,RF00535,fallback
RF00538,RF00538,RF00538,fallback
RF00540,RF00540,RF00540,fallback
RF00542,RF00542,RF00542,fallback
RF00543,RF00543,RF00543,fallback
RF00544,RF00544,RF00544,fallback
RF00545,RF00545,RF00545,fallback
RF00546,RF00546,RF00546,fallback
RF00547,RF00547,RF00547,fallback
RF00548,RF00548,RF00548,fallback
RF00552,RF00552,RF00552,fallback
RF00553,RF00553,RF00553,fallback
RF00554,RF00554,RF00554,fallback
RF00555,RF00555,RF00555,fallback
RF00556,RF00556,RF00556,fallback
RF00557,RF00557,RF00557,fallback
RF00558,RF00558,RF00558,fallback
RF00559,RF00559,RF00559,fallback
RF00560,RF00560,RF00560,fallback
RF00561,RF00561,RF00561,fallback
RF00562,RF00562,RF00562,fallback
RF00563,RF00563,RF00563,fallback
RF00564,RF00564,RF00564,fallback
RF00565,RF00565,RF00565,fallback
RF00566,RF00566,RF00566,fallback
RF00567,RF00567,RF00567,fallback
RF00568,RF00568,RF00568,fallback
RF00569,RF00569,RF00569,fallback
RF00570,RF00570,RF00570,fallback
RF00571,RF00571,RF00571,fallback
RF00572,RF00572,RF00572,fallback
RF00573,RF00573,RF00573,fallback
RF00574,RF00574,RF00574,fallback
RF00575,RF00575,RF00575,fallback
RF00576,RF00576,RF00576,fallback
RF00577,RF00577,RF00577,fallback
RF00578,RF00578,RF00578,fallback
RF00579,RF00579,RF00579,fallback
RF00580,RF00580,RF00580,fallback
RF00581,RF00581,RF00581,fallback
RF00582,RF00582,RF00582,fallback
RF00584,RF00584,RF00584,fallback
RF00586,RF00586,RF00586,fallback
RF00588,RF00588,RF00588,fallback
RF00591,RF00591,RF00591,fallback
RF00592,RF00592,RF00592,fallback
RF00593,RF00593,RF00593,fallback
RF00594,RF00594,RF00594,fallback
RF00598,RF00598,RF00598,fallback
RF00599,RF00599,RF00599,fallback
RF00600,RF00600,RF00600,fallback
RF00601,RF00601,RF00601,fallback
RF00602,RF00602,RF00602,fallback
RF00603,RF00603,RF00603,fallback
RF00604,RF00604,RF00604,fallback
RF00606,RF00606,RF00606,fallback
RF00607,RF00607,RF00607,fallback
RF00608,RF00608,RF00608,fallback
RF00609,RF00609,RF00609,fallback
RF00610,RF00610,RF00610,fallback
RF00611,RF00611,RF00611,fallback
RF00612,RF00612,RF00612,fallback
RF00613,RF00613,RF00613,fallback
RF00614,RF00614,RF00614,fallback
RF00617,RF00617,RF00617,fallback
RF00618,RF00618,RF00618,fallback
RF00619,RF00619,RF00619,fallback
RF00620,RF00620,RF00620,fallback
RF00621,RF00621,RF00621,fallback
RF00622,RF00622,RF00622,fallback
RF00623,RF00623,RF00623,fallback
RF00624,RF00624,RF00624,fallback
RF00625,RF00625,RF00625,fallback
RF00627,RF00627,RF00627,fallback
RF00628,RF00628,RF00628,fallback
RF00629,RF00629,RF00629,fallback
RF00630,RF00630,RF00630,fallback
RF00634,RF00634,RF00634,fallback
RF00635,RF00635,RF00635,fallback
RF00636,RF00636,RF00636,fallback
RF00637,RF00637,RF00637,fallback
RF00638,RF00638,RF00638,fallback
RF00639,RF00639,RF00639,fallback
RF00641,RF00641,RF00641,fallback
RF00642,RF00642,RF00642,fallback
RF00643,RF00643,RF00643,fallback
RF00644,RF00644,RF00644,fallback
RF00645,RF00645,RF00645,fallback
RF00646,RF00646,RF00646,fallback
RF00647,"Carex littledalei isolate C.B.Clarke chromosome 24, whole genome shotgun sequenc","Carex littledalei isolate C.B.Clarke chromosome 24, whole genome shotgun sequence",header
RF00648,RF00648,RF00648,fallback
RF00649,RF00649,RF00649,fallback
RF00650,RF00650,RF00650,fallback
RF00651,RF00651,RF00651,fallback
RF00652,RF00652,RF00652,fallback
RF00653,RF00653,RF00653,fallback
RF00654,RF00654,RF00654,fallback
RF00655,RF00655,RF00655,fallback
RF00656,RF00656,RF00656,fallback
RF00657,RF00657,RF00657,fallback
RF00658,RF00658,RF00658,fallback
RF00659,RF00659,RF00659,fallback
RF00660,RF00660,RF00660,fallback
RF00661,RF00661,RF00661,fallback
RF00662,RF00662,RF00662,fallback
RF00663,RF00663,RF00663,fallback
RF00664,RF00664,RF00664,fallback
RF00665,RF00665,RF00665,fallback
RF00666,RF00666,RF00666,fallback
RF00667,RF00667,RF00667,fallback
RF00668,RF00668,RF00668,fallback
RF00669,RF00669,RF00669,fallback
RF00670,RF00670,RF00670,fallback
RF00671,RF00671,RF00671,fallback
RF00672,RF00672,RF00672,fallback
RF00673,RF00673,RF00673,fallback
RF00674,RF00674,RF00674,fallback
RF00675,RF00675,RF00675,fallback
RF00677,RF00677,RF00677,fallback
RF00678,RF00678,RF00678,fallback
RF00679,RF00679,RF00679,fallback
RF00680,RF00680,RF00680,fallback
RF00682,RF00682,RF00682,fallback
RF00683,RF00683,RF00683,fallback
RF00684,RF00684,RF00684,fallback
RF00685,RF00685,RF00685,fallback
RF00686,RF00686,RF00686,fallback
RF00688,RF00688,RF00688,fallback
RF00689,RF00689,RF00689,fallback
RF00690,RF00690,RF00690,fallback
RF00691,RF00691,RF00691,fallback
RF00692,RF00692,RF00692,fallback
RF00693,RF00693,RF00693,fallback
RF00694,RF00694,RF00694,fallback
RF00695,RF00695,RF00695,fallback
RF00696,RF00696,RF00696,fallback
RF00697,RF00697,RF00697,fallback
RF00698,RF00698,RF00698,fallback
RF00700,RF00700,RF00700,fallback
RF00701,RF00701,RF00701,fallback
RF00702,RF00702,RF00702,fallback
RF00703,RF00703,RF00703,fallback
RF00704,RF00704,RF00704,fallback
RF00705,RF00705,RF00705,fallback
RF00706,RF00706,RF00706,fallback
RF00708,RF00708,RF00708,fallback
RF00709,RF00709,RF00709,fallback
RF00710,RF00710,RF00710,fallback
RF00711,RF00711,RF00711,fallback
RF00712,RF00712,RF00712,fallback
RF00713,RF00713,RF00713,fallback
RF00714,RF00714,RF00714,fallback
RF00715,RF00715,RF00715,fallback
RF00717,RF00717,RF00717,fallback
RF00719,RF00719,RF00719,fallback
RF00720,RF00720,RF00720,fallback
RF00722,RF00722,RF00722,fallback
RF00723,RF00723,RF00723,fallback
RF00724,RF00724,RF00724,fallback
RF00725,RF00725,RF00725,fallback
RF00726,RF00726,RF00726,fallback
RF00727,RF00727,RF00727,fallback
RF00728,RF00728,RF00728,fallback
RF00729,RF00729,RF00729,fallback
RF00730,RF00730,RF00730,fallback
RF00731,RF00731,RF00731,fallback
RF00732,RF00732,RF00732,fallback
RF00733,RF00733,RF00733,fallback
RF00735,RF00735,RF00735,fallback
RF00736,RF00736,RF00736,fallback
RF00737,RF00737,RF00737,fallback
RF00742,RF00742,RF00742,fallback
RF00745,RF00745,RF00745,fallback
RF00746,RF00746,RF00746,fallback
RF00747,RF00747,RF00747,fallback
RF00749,RF00749,RF00749,fallback
RF00750,RF00750,RF00750,fallback
RF00751,RF00751,RF00751,fallback
RF00752,RF00752,RF00752,fallback
RF00753,RF00753,RF00753,fallback
RF00754,RF00754,RF00754,fallback
RF00756,RF00756,RF00756,fallback
RF00757,RF00757,RF00757,fallback
RF00758,RF00758,RF00758,fallback
RF00760,RF00760,RF00760,fallback
RF00761,RF00761,RF00761,fallback
RF00762,RF00762,RF00762,fallback
RF00763,RF00763,RF00763,fallback
RF00764,RF00764,RF00764,fallback
RF00766,RF00766,RF00766,fallback
RF00767,RF00767,RF00767,fallback
RF00772,RF00772,RF00772,fallback
RF00777,RF00777,RF00777,fallback
RF00778,RF00778,RF00778,fallback
RF00779,RF00779,RF00779,fallback
RF00782,RF00782,RF00782,fallback
RF00783,RF00783,RF00783,fallback
RF00784,RF00784,RF00784,fallback
RF00792,RF00792,RF00792,fallback
RF00793,RF00793,RF00793,fallback
RF00803,RF00803,RF00803,fallback
RF00806,RF00806,RF00806,fallback
RF00813,RF00813,RF00813,fallback
RF00822,RF00822,RF00822,fallback
RF00825,RF00825,RF00825,fallback
RF00829,RF00829,RF00829,fallback
RF00832,RF00832,RF00832,fallback
RF00838,RF00838,RF00838,fallback
RF00839,RF00839,RF00839,fallback
RF00840,RF00840,RF00840,fallback
RF00842,RF00842,RF00842,fallback
RF00844,RF00844,RF00844,fallback
RF00858,RF00858,RF00858,fallback
RF00865,RF00865,RF00865,fallback
RF00878,RF00878,RF00878,fallback
RF00885,RF00885,RF00885,fallback
RF00886,RF00886,RF00886,fallback
RF00887,RF00887,RF00887,fallback
RF00892,RF00892,RF00892,fallback
RF00893,Arabidopsis thaliana chromosome 5,Arabidopsis thaliana chromosome 5,header
RF00906,RF00906,RF00906,fallback
RF00912,RF00912,RF00912,fallback
RF00921,RF00921,RF00921,fallback
RF00927,RF00927,RF00927,fallback
RF00928,RF00928,RF00928,fallback
RF00929,RF00929,RF00929,fallback
RF00933,RF00933,RF00933,fallback
RF00937,RF00937,RF00937,fallback
RF00939,RF00939,RF00939,fallback
RF00946,RF00946,RF00946,fallback
RF00947,RF00947,RF00947,fallback
RF00948,RF00948,RF00948,fallback
RF00950,RF00950,RF00950,fallback
RF00951,RF00951,RF00951,fallback
RF00952,RF00952,RF00952,fallback
RF00957,RF00957,RF00957,fallback
RF00966,RF00966,RF00966,fallback
RF00975,"Vitis vinifera, whole genome shotgun sequence of line PN40024, unoriented chromo","Vitis vinifera, whole genome shotgun sequence of line PN40024, unoriented chromosome 4, chr4",header
RF00989,RF00989,RF00989,fallback
RF00991,RF00991,RF00991,fallback
RF00996,RF00996,RF00996,fallback
RF01005,"Populus trichocarpa isolate Nisqually-1 chromosome 4, whole genome shotgun seque","Populus trichocarpa isolate Nisqually-1 chromosome 4, whole genome shotgun sequence",header
RF01010,RF01010,RF01010,fallback
RF01014,RF01014,RF01014,fallback
RF01026,RF01026,RF01026,fallback
RF01044,RF01044,RF01044,fallback
RF01045,RF01045,RF01045,fallback
RF01051,RF01051,RF01051,fallback
RF01052,RF01052,RF01052,fallback
RF01054,RF01054,RF01054,fallback
RF01055,RF01055,RF01055,fallback
RF01057,RF01057,RF01057,fallback
RF01061,RF01061,RF01061,fallback
RF01065,RF01065,RF01065,fallback
RF01066,RF01066,RF01066,fallback
RF01067,RF01067,RF01067,fallback
RF01068,RF01068,RF01068,fallback
RF01069,RF01069,RF01069,fallback
RF01070,RF01070,RF01070,fallback
RF01073,RF01073,RF01073,fallback
RF01093,RF01093,RF01093,fallback
RF01097,"Piliocolobus tephrosceles isolate RC106 chromosome 7, whole genome shotgun seque","Piliocolobus tephrosceles isolate RC106 chromosome 7, whole genome shotgun sequence",header
RF01116,RF01116,RF01116,fallback
RF01133,RF01133,RF01133,fallback
RF01151,RF01151,RF01151,fallback
RF01155,RF01155,RF01155,fallback
RF01156,RF01156,RF01156,fallback
RF01159,RF01159,RF01159,fallback
RF01161,RF01161,RF01161,fallback
RF01163,Arabidopsis thaliana chromosome 3,Arabidopsis thaliana chromosome 3,header
RF01164,RF01164,RF01164,fallback
RF01168,RF01168,RF01168,fallback
RF01169,RF01169,RF01169,fallback
RF01170,RF01170,RF01170,fallback
RF01173,RF01173,RF01173,fallback
RF01174,RF01174,RF01174,fallback
RF01177,RF01177,RF01177,fallback
RF01178,RF01178,RF01178,fallback
RF01179,RF01179,RF01179,fallback
RF01181,RF01181,RF01181,fallback
RF01182,RF01182,RF01182,fallback
RF01183,RF01183,RF01183,fallback
RF01184,RF01184,RF01184,fallback
RF01185,RF01185,RF01185,fallback
RF01186,RF01186,RF01186,fallback
RF01188,RF01188,RF01188,fallback
RF01191,RF01191,RF01191,fallback
RF01192,RF01192,RF01192,fallback
RF01193,RF01193,RF01193,fallback
RF01197,"TPA_inf: Saccharomyces cerevisiae S288C chromosome VII, complete sequence","TPA_inf: Saccharomyces cerevisiae S288C chromosome VII, complete sequence",header
RF01198,RF01198,RF01198,fallback
RF01200,RF01200,RF01200,fallback
RF01201,RF01201,RF01201,fallback
RF01203,RF01203,RF01203,fallback
RF01206,RF01206,RF01206,fallback
RF01207,RF01207,RF01207,fallback
RF01208,RF01208,RF01208,fallback
RF01209,RF01209,RF01209,fallback
RF01210,RF01210,RF01210,fallback
RF01211,RF01211,RF01211,fallback
RF01212,"Caenorhabditis briggsae complete genome, chrV, whole genome shotgun sequence","Caenorhabditis briggsae complete genome, chrV, whole genome shotgun sequence",header
RF01213,RF01213,RF01213,fallback
RF01214,RF01214,RF01214,fallback
RF01215,RF01215,RF01215,fallback
RF01218,RF01218,RF01218,fallback
RF01219,RF01219,RF01219,fallback
RF01220,RF01220,RF01220,fallback
RF01223,"TPA_inf: Saccharomyces cerevisiae S288C chromosome IV, complete sequence","TPA_inf: Saccharomyces cerevisiae S288C chromosome IV, complete sequence",header
RF01224,RF01224,RF01224,fallback
RF01225,RF01225,RF01225,fallback
RF01227,RF01227,RF01227,fallback
RF01228,RF01228,RF01228,fallback
RF01229,RF01229,RF01229,fallback
RF01230,RF01230,RF01230,fallback
RF01231,RF01231,RF01231,fallback
RF01233,RF01233,RF01233,fallback
RF01234,RF01234,RF01234,fallback
RF01236,Arabidopsis thaliana chromosome 5,Arabidopsis thaliana chromosome 5,header
RF01239,RF01239,RF01239,fallback
RF01241,RF01241,RF01241,fallback
RF01242,RF01242,RF01242,fallback
RF01247,RF01247,RF01247,fallback
RF01248,RF01248,RF01248,fallback
RF01251,"TPA_inf: Saccharomyces cerevisiae S288C chromosome X, complete sequence","TPA_inf: Saccharomyces cerevisiae S288C chromosome X, complete sequence",header
RF01252,RF01252,RF01252,fallback
RF01253,RF01253,RF01253,fallback
RF01255,RF01255,RF01255,fallback
RF01256,RF01256,RF01256,fallback
RF01258,RF01258,RF01258,fallback
RF01262,RF01262,RF01262,fallback
RF01263,RF01263,RF01263,fallback
RF01267,RF01267,RF01267,fallback
RF01268,RF01268,RF01268,fallback
RF01269,RF01269,RF01269,fallback
RF01277,RF01277,RF01277,fallback
RF01278,RF01278,RF01278,fallback
RF01279,RF01279,RF01279,fallback
RF01280,RF01280,RF01280,fallback
RF01281,RF01281,RF01281,fallback
RF01283,RF01283,RF01283,fallback
RF01284,RF01284,RF01284,fallback
RF01285,RF01285,RF01285,fallback
RF01286,RF01286,RF01286,fallback
RF01287,RF01287,RF01287,fallback
RF01288,RF01288,RF01288,fallback
RF01290,RF01290,RF01290,fallback
RF01291,RF01291,RF01291,fallback
RF01292,RF01292,RF01292,fallback
RF01294,RF01294,RF01294,fallback
RF01295,RF01295,RF01295,fallback
RF01296,RF01296,RF01296,fallback
RF01299,RF01299,RF01299,fallback
RF01300,RF01300,RF01300,fallback
RF01302,RF01302,RF01302,fallback
RF01315,RF01315,RF01315,fallback
RF01316,RF01316,RF01316,fallback
RF01317,RF01317,RF01317,fallback
RF01318,RF01318,RF01318,fallback
RF01320,RF01320,RF01320,fallback
RF01322,RF01322,RF01322,fallback
RF01325,RF01325,RF01325,fallback
RF01329,"Scytonema hofmannii PCC 7110 genomic scaffold Scaffold1, whole genome shotgun se","Scytonema hofmannii PCC 7110 genomic scaffold Scaffold1, whole genome shotgun sequence",header
RF01330,RF01330,RF01330,fallback
RF01337,"Halocatena salina strain AD-1 plasmid unnamed2, complete sequence","Halocatena salina strain AD-1 plasmid unnamed2, complete sequence",header
RF01340,"Frankia casuarinae strain CcI3 chromosome, complete genome","Frankia casuarinae strain CcI3 chromosome, complete genome",header
RF01343,"Leptospira interrogans serovar Lai str. 56601 chromosome I, complete sequence","Leptospira interrogans serovar Lai str. 56601 chromosome I, complete sequence",header
RF01352,"Aneurinibacillus danicus NBRC 102444 DNA, sequence152, whole genome shotgun sequ","Aneurinibacillus danicus NBRC 102444 DNA, sequence152, whole genome shotgun sequence",header
RF01362,"Bacteroides sp. OM05-12 OM05-12.Scaf5, whole genome shotgun sequence","Bacteroides sp. OM05-12 OM05-12.Scaf5, whole genome shotgun sequence",header
RF01370,"Synechococcus sp. JA-2-3B'a(2-13), complete genome","Synechococcus sp. JA-2-3B'a(2-13), complete genome",header
RF01383,RF01383,RF01383,fallback
RF01394,RF01394,RF01394,fallback
RF01396,RF01396,RF01396,fallback
RF01405,RF01405,RF01405,fallback
RF01410,RF01410,RF01410,fallback
RF01411,RF01411,RF01411,fallback
RF01412,RF01412,RF01412,fallback
RF01413,RF01413,RF01413,fallback
RF01414,RF01414,RF01414,fallback
RF01417,RF01417,RF01417,fallback
RF01418,RF01418,RF01418,fallback
RF01419,RF01419,RF01419,fallback
RF01420,RF01420,RF01420,fallback
RF01421,RF01421,RF01421,fallback
RF01422,RF01422,RF01422,fallback
RF01423,RF01423,RF01423,fallback
RF01424,RF01424,RF01424,fallback
RF01426,"Medicago truncatula strain A17 chromosome 5, whole genome shotgun sequence","Medicago truncatula strain A17 chromosome 5, whole genome shotgun sequence",header
RF01427,Arabidopsis thaliana chromosome 5,Arabidopsis thaliana chromosome 5,header
RF01428,RF01428,RF01428,fallback
RF01429,Arabidopsis thaliana chromosome 3,Arabidopsis thaliana chromosome 3,header
RF01430,RF01430,RF01430,fallback
RF01431,RF01431,RF01431,fallback
RF01432,Arabidopsis thaliana chromosome 1 sequence,Arabidopsis thaliana chromosome 1 sequence,header
RF01433,Arabidopsis thaliana chromosome 3,Arabidopsis thaliana chromosome 3,header
RF01438,"Schizosaccharomyces japonicus yFS275 unplaced genomic scaffold supercont5.1, who","Schizosaccharomyces japonicus yFS275 unplaced genomic scaffold supercont5.1, whole genome shotgun sequence",header
RF01455,RF01455,RF01455,fallback
RF01470,RF01470,RF01470,fallback
RF01482,RF01482,RF01482,fallback
RF01489,RF01489,RF01489,fallback
RF01492,RF01492,RF01492,fallback
RF01494,RF01494,RF01494,fallback
RF01495,RF01495,RF01495,fallback
RF01496,RF01496,RF01496,fallback
RF01497,RF01497,RF01497,fallback
RF01498,"Ajellomyces capsulatus NAm1 scaffold_1 genomic scaffold, whole genome shotgun se","Ajellomyces capsulatus NAm1 scaffold_1 genomic scaffold, whole genome shotgun sequence",header
RF01499,RF01499,RF01499,fallback
RF01500,RF01500,RF01500,fallback
RF01501,"Aspergillus fumigatus Af293 chromosome 7, whole genome shotgun sequence","Aspergillus fumigatus Af293 chromosome 7, whole genome shotgun sequence",header
RF01502,RF01502,RF01502,fallback
RF01504,RF01504,RF01504,fallback
RF01505,RF01505,RF01505,fallback
RF01506,RF01506,RF01506,fallback
RF01507,"Aspergillus turcosus strain HMR AF 1038 NODE_208, whole genome shotgun sequence","Aspergillus turcosus strain HMR AF 1038 NODE_208, whole genome shotgun sequence",header
RF01509,RF01509,RF01509,fallback
RF01511,RF01511,RF01511,fallback
RF01512,RF01512,RF01512,fallback
RF01513,RF01513,RF01513,fallback
RF01514,RF01514,RF01514,fallback
RF01515,RF01515,RF01515,fallback
RF01518,RF01518,RF01518,fallback
RF01581,RF01581,RF01581,fallback
RF01615,"Caenorhabditis nigoni strain JU1422 chromosome IV, whole genome shotgun sequence","Caenorhabditis nigoni strain JU1422 chromosome IV, whole genome shotgun sequence",header
RF01629,Caenorhabditis elegans chromosome IV,Caenorhabditis elegans chromosome IV,header
RF01637,RF01637,RF01637,fallback
RF01656,RF01656,RF01656,fallback
RF01660,RF01660,RF01660,fallback
RF01668,RF01668,RF01668,fallback
RF01669,"Chloropsis hardwickii isolate B10K-IZ-033-78 scaffold_201_13, whole genome shotg","Chloropsis hardwickii isolate B10K-IZ-033-78 scaffold_201_13, whole genome shotgun sequence",header
RF01673,RF01673,RF01673,fallback
RF01674,Pseudomonas putida KT2440 complete genome,Pseudomonas putida KT2440 complete genome,header
RF01675,RF01675,RF01675,fallback
RF01676,"Pseudomonas sp. HLS-6 chromosome, complete genome","Pseudomonas sp. HLS-6 chromosome, complete genome",header
RF01684,RF01684,RF01684,fallback
RF01685,RF01685,RF01685,fallback
RF01687,RF01687,RF01687,fallback
RF01688,RF01688,RF01688,fallback
RF01689,RF01689,RF01689,fallback
RF01690,RF01690,RF01690,fallback
RF01691,RF01691,RF01691,fallback
RF01692,RF01692,RF01692,fallback
RF01693,RF01693,RF01693,fallback
RF01694,RF01694,RF01694,fallback
RF01695,RF01695,RF01695,fallback
RF01699,RF01699,RF01699,fallback
RF01701,RF01701,RF01701,fallback
RF01702,RF01702,RF01702,fallback
RF01704,RF01704,RF01704,fallback
RF01705,RF01705,RF01705,fallback
RF01706,RF01706,RF01706,fallback
RF01707,RF01707,RF01707,fallback
RF01708,RF01708,RF01708,fallback
RF01709,RF01709,RF01709,fallback
RF01717,RF01717,RF01717,fallback
RF01719,RF01719,RF01719,fallback
RF01720,RF01720,RF01720,fallback
RF01721,RF01721,RF01721,fallback
RF01725,RF01725,RF01725,fallback
RF01726,RF01726,RF01726,fallback
RF01727,RF01727,RF01727,fallback
RF01728,RF01728,RF01728,fallback
RF01731,RF01731,RF01731,fallback
RF01732,RF01732,RF01732,fallback
RF01734,RF01734,RF01734,fallback
RF01735,RF01735,RF01735,fallback
RF01739,RF01739,RF01739,fallback
RF01740,RF01740,RF01740,fallback
RF01745,RF01745,RF01745,fallback
RF01746,RF01746,RF01746,fallback
RF01747,RF01747,RF01747,fallback
RF01748,RF01748,RF01748,fallback
RF01749,RF01749,RF01749,fallback
RF01750,RF01750,RF01750,fallback
RF01751,RF01751,RF01751,fallback
RF01754,RF01754,RF01754,fallback
RF01755,RF01755,RF01755,fallback
RF01756,RF01756,RF01756,fallback
RF01758,RF01758,RF01758,fallback
RF01759,RF01759,RF01759,fallback
RF01760,RF01760,RF01760,fallback
RF01761,RF01761,RF01761,fallback
RF01762,RF01762,RF01762,fallback
RF01763,RF01763,RF01763,fallback
RF01764,RF01764,RF01764,fallback
RF01766,RF01766,RF01766,fallback
RF01767,RF01767,RF01767,fallback
RF01769,RF01769,RF01769,fallback
RF01770,RF01770,RF01770,fallback
RF01773,RF01773,RF01773,fallback
RF01776,RF01776,RF01776,fallback
RF01778,RF01778,RF01778,fallback
RF01781,RF01781,RF01781,fallback
RF01782,RF01782,RF01782,fallback
RF01786,RF01786,RF01786,fallback
RF01787,RF01787,RF01787,fallback
RF01788,RF01788,RF01788,fallback
RF01791,RF01791,RF01791,fallback
RF01793,RF01793,RF01793,fallback
RF01794,RF01794,RF01794,fallback
RF01796,RF01796,RF01796,fallback
RF01803,RF01803,RF01803,fallback
RF01813,RF01813,RF01813,fallback
RF01815,"Pelagibius litoralis strain DSM 21314 Scaffold1_1, whole genome shotgun sequence","Pelagibius litoralis strain DSM 21314 Scaffold1_1, whole genome shotgun sequence",header
RF01820,RF01820,RF01820,fallback
RF01823,RF01823,RF01823,fallback
RF01830,RF01830,RF01830,fallback
RF01831,RF01831,RF01831,fallback
RF01844,RF01844,RF01844,fallback
RF01845,RF01845,RF01845,fallback
RF01846,RF01846,RF01846,fallback
RF01847,RF01847,RF01847,fallback
RF01848,RF01848,RF01848,fallback
RF01849,RF01849,RF01849,fallback
RF01850,RF01850,RF01850,fallback
RF01852,RF01852,RF01852,fallback
RF01853,RF01853,RF01853,fallback
RF01854,RF01854,RF01854,fallback
RF01855,RF01855,RF01855,fallback
RF01856,RF01856,RF01856,fallback
RF01857,RF01857,RF01857,fallback
RF01859,RF01859,RF01859,fallback
RF01860,RF01860,RF01860,fallback
RF01867,RF01867,RF01867,fallback
RF01871,RF01871,RF01871,fallback
RF01872,RF01872,RF01872,fallback
RF01873,RF01873,RF01873,fallback
RF01874,RF01874,RF01874,fallback
RF01875,RF01875,RF01875,fallback
RF01876,RF01876,RF01876,fallback
RF01877,RF01877,RF01877,fallback
RF01879,RF01879,RF01879,fallback
RF01880,RF01880,RF01880,fallback
RF01881,RF01881,RF01881,fallback
RF01882,RF01882,RF01882,fallback
RF01883,RF01883,RF01883,fallback
RF01884,RF01884,RF01884,fallback
RF01887,RF01887,RF01887,fallback
RF01888,RF01888,RF01888,fallback
RF01891,RF01891,RF01891,fallback
RF01892,RF01892,RF01892,fallback
RF01894,RF01894,RF01894,fallback
RF01895,RF01895,RF01895,fallback
RF01896,RF01896,RF01896,fallback
RF01898,RF01898,RF01898,fallback
RF01903,RF01903,RF01903,fallback
RF01905,RF01905,RF01905,fallback
RF01906,RF01906,RF01906,fallback
RF01909,RF01909,RF01909,fallback
RF01911,RF01911,RF01911,fallback
RF01912,RF01912,RF01912,fallback
RF01914,RF01914,RF01914,fallback
RF01917,RF01917,RF01917,fallback
RF01920,RF01920,RF01920,fallback
RF01922,RF01922,RF01922,fallback
RF01923,RF01923,RF01923,fallback
RF01924,RF01924,RF01924,fallback
RF01925,RF01925,RF01925,fallback
RF01926,RF01926,RF01926,fallback
RF01928,"Mus musculus chromosome 12, GRCm39 reference primary assembly C57BL/6J","Mus musculus chromosome 12, GRCm39 reference primary assembly C57BL/6J",header
RF01937,RF01937,RF01937,fallback
RF01945,RF01945,RF01945,fallback
RF01946,RF01946,RF01946,fallback
RF01947,RF01947,RF01947,fallback
RF01948,RF01948,RF01948,fallback
RF01950,RF01950,RF01950,fallback
RF01951,RF01951,RF01951,fallback
RF01952,RF01952,RF01952,fallback
RF01953,RF01953,RF01953,fallback
RF01954,RF01954,RF01954,fallback
RF01955,RF01955,RF01955,fallback
RF01956,RF01956,RF01956,fallback
RF01957,RF01957,RF01957,fallback
RF01959,RF01959,RF01959,fallback
RF01960,RF01960,RF01960,fallback
RF01962,RF01962,RF01962,fallback
RF01963,RF01963,RF01963,fallback
RF01964,RF01964,RF01964,fallback
RF01965,RF01965,RF01965,fallback
RF01966,RF01966,RF01966,fallback
RF01967,RF01967,RF01967,fallback
RF01968,RF01968,RF01968,fallback
RF01969,RF01969,RF01969,fallback
RF01970,RF01970,RF01970,fallback
RF01971,RF01971,RF01971,fallback
RF01972,RF01972,RF01972,fallback
RF01973,RF01973,RF01973,fallback
RF01974,RF01974,RF01974,fallback
RF01975,RF01975,RF01975,fallback
RF01976,RF01976,RF01976,fallback
RF01977,RF01977,RF01977,fallback
RF01978,RF01978,RF01978,fallback
RF01979,RF01979,RF01979,fallback
RF01981,RF01981,RF01981,fallback
RF01983,RF01983,RF01983,fallback
RF01984,RF01984,RF01984,fallback
RF01985,RF01985,RF01985,fallback
RF01986,RF01986,RF01986,fallback
RF01987,RF01987,RF01987,fallback
RF01989,RF01989,RF01989,fallback
RF01990,RF01990,RF01990,fallback
RF01992,RF01992,RF01992,fallback
RF01998,RF01998,RF01998,fallback
RF01999,RF01999,RF01999,fallback
RF02000,RF02000,RF02000,fallback
RF02001,RF02001,RF02001,fallback
RF02003,RF02003,RF02003,fallback
RF02004,RF02004,RF02004,fallback
RF02005,RF02005,RF02005,fallback
RF02012,RF02012,RF02012,fallback
RF02017,RF02017,RF02017,fallback
RF02020,"Marmota monax genome assembly, contig: monax5_s00483, whole genome shotgun seque","Marmota monax genome assembly, contig: monax5_s00483, whole genome shotgun sequence",header
RF02025,"Acyrthosiphon pisum isolate AL4f chromosome A1, whole genome shotgun sequence","Acyrthosiphon pisum isolate AL4f chromosome A1, whole genome shotgun sequence",header
RF02027,"Oryza nivara chromosome 3, whole genome shotgun sequence","Oryza nivara chromosome 3, whole genome shotgun sequence",header
RF02029,RF02029,RF02029,fallback
RF02030,RF02030,RF02030,fallback
RF02031,RF02031,RF02031,fallback
RF02032,RF02032,RF02032,fallback
RF02033,RF02033,RF02033,fallback
RF02034,RF02034,RF02034,fallback
RF02035,RF02035,RF02035,fallback
RF02038,RF02038,RF02038,fallback
RF02039,RF02039,RF02039,fallback
RF02040,RF02040,RF02040,fallback
RF02041,RF02041,RF02041,fallback
RF02042,RF02042,RF02042,fallback
RF02043,RF02043,RF02043,fallback
RF02045,RF02045,RF02045,fallback
RF02046,Drosophila melanogaster chromosome 2R,Drosophila melanogaster chromosome 2R,header
RF02047,RF02047,RF02047,fallback
RF02057,RF02057,RF02057,fallback
RF02061,RF02061,RF02061,fallback
RF02074,RF02074,RF02074,fallback
RF02076,RF02076,RF02076,fallback
RF02081,RF02081,RF02081,fallback
RF02089,RF02089,RF02089,fallback
RF02090,RF02090,RF02090,fallback
RF02091,RF02091,RF02091,fallback
RF02092,"Monodelphis domestica chromosome 6, whole genome shotgun sequence","Monodelphis domestica chromosome 6, whole genome shotgun sequence",header
RF02093,RF02093,RF02093,fallback
RF02094,"Ficedula albicollis isolate OC2 chromosome 2, whole genome shotgun sequence","Ficedula albicollis isolate OC2 chromosome 2, whole genome shotgun sequence",header
RF02095,RF02095,RF02095,fallback
RF02101,RF02101,RF02101,fallback
RF02103,RF02103,RF02103,fallback
RF02104,RF02104,RF02104,fallback
RF02105,RF02105,RF02105,fallback
RF02106,RF02106,RF02106,fallback
RF02107,RF02107,RF02107,fallback
RF02108,RF02108,RF02108,fallback
RF02109,RF02109,RF02109,fallback
RF02110,RF02110,RF02110,fallback
RF02112,RF02112,RF02112,fallback
RF02113,RF02113,RF02113,fallback
RF02114,RF02114,RF02114,fallback
RF02115,RF02115,RF02115,fallback
RF02116,RF02116,RF02116,fallback
RF02117,RF02117,RF02117,fallback
RF02118,RF02118,RF02118,fallback
RF02119,RF02119,RF02119,fallback
RF02120,RF02120,RF02120,fallback
RF02121,RF02121,RF02121,fallback
RF02122,RF02122,RF02122,fallback
RF02123,RF02123,RF02123,fallback
RF02124,RF02124,RF02124,fallback
RF02125,RF02125,RF02125,fallback
RF02126,RF02126,RF02126,fallback
RF02127,RF02127,RF02127,fallback
RF02128,RF02128,RF02128,fallback
RF02130,RF02130,RF02130,fallback
RF02131,RF02131,RF02131,fallback
RF02132,RF02132,RF02132,fallback
RF02133,RF02133,RF02133,fallback
RF02137,RF02137,RF02137,fallback
RF02138,RF02138,RF02138,fallback
RF02139,RF02139,RF02139,fallback
RF02140,RF02140,RF02140,fallback
RF02141,RF02141,RF02141,fallback
RF02142,RF02142,RF02142,fallback
RF02143,RF02143,RF02143,fallback
RF02144,RF02144,RF02144,fallback
RF02145,RF02145,RF02145,fallback
RF02146,RF02146,RF02146,fallback
RF02147,RF02147,RF02147,fallback
RF02148,RF02148,RF02148,fallback
RF02149,RF02149,RF02149,fallback
RF02150,RF02150,RF02150,fallback
RF02151,RF02151,RF02151,fallback
RF02153,RF02153,RF02153,fallback
RF02154,RF02154,RF02154,fallback
RF02156,RF02156,RF02156,fallback
RF02157,RF02157,RF02157,fallback
RF02158,RF02158,RF02158,fallback
RF02159,RF02159,RF02159,fallback
RF02160,RF02160,RF02160,fallback
RF02161,"Homo sapiens chromosome 5, GRCh38 reference primary assembly","Homo sapiens chromosome 5, GRCh38 reference primary assembly",header
RF02162,RF02162,RF02162,fallback
RF02163,"Halorubrum vacuolatum strain DSM 8800 genome assembly, contig: Ga0170423_101, wh","Halorubrum vacuolatum strain DSM 8800 genome assembly, contig: Ga0170423_101, whole genome shotgun sequence",header
RF02164,RF02164,RF02164,fallback
RF02165,RF02165,RF02165,fallback
RF02166,RF02166,RF02166,fallback
RF02167,RF02167,RF02167,fallback
RF02168,RF02168,RF02168,fallback
RF02169,RF02169,RF02169,fallback
RF02173,RF02173,RF02173,fallback
RF02174,RF02174,RF02174,fallback
RF02175,RF02175,RF02175,fallback
RF02176,RF02176,RF02176,fallback
RF02177,RF02177,RF02177,fallback
RF02178,RF02178,RF02178,fallback
RF02179,RF02179,RF02179,fallback
RF02180,RF02180,RF02180,fallback
RF02183,RF02183,RF02183,fallback
RF02185,RF02185,RF02185,fallback
RF02187,RF02187,RF02187,fallback
RF02188,RF02188,RF02188,fallback
RF02189,RF02189,RF02189,fallback
RF02190,RF02190,RF02190,fallback
RF02191,RF02191,RF02191,fallback
RF02192,RF02192,RF02192,fallback
RF02193,RF02193,RF02193,fallback
RF02194,RF02194,RF02194,fallback
RF02195,RF02195,RF02195,fallback
RF02196,RF02196,RF02196,fallback
RF02198,RF02198,RF02198,fallback
RF02199,RF02199,RF02199,fallback
RF02200,RF02200,RF02200,fallback
RF02201,RF02201,RF02201,fallback
RF02203,RF02203,RF02203,fallback
RF02204,RF02204,RF02204,fallback
RF02205,RF02205,RF02205,fallback
RF02206,RF02206,RF02206,fallback
RF02208,RF02208,RF02208,fallback
RF02209,RF02209,RF02209,fallback
RF02210,RF02210,RF02210,fallback
RF02212,RF02212,RF02212,fallback
RF02215,RF02215,RF02215,fallback
RF02216,RF02216,RF02216,fallback
RF02219,RF02219,RF02219,fallback
RF02221,RF02221,RF02221,fallback
RF02228,RF02228,RF02228,fallback
RF02232,RF02232,RF02232,fallback
RF02235,RF02235,RF02235,fallback
RF02246,RF02246,RF02246,fallback
RF02247,RF02247,RF02247,fallback
RF02248,RF02248,RF02248,fallback
RF02249,RF02249,RF02249,fallback
RF02250,RF02250,RF02250,fallback
RF02252,RF02252,RF02252,fallback
RF02253,RF02253,RF02253,fallback
RF02260,RF02260,RF02260,fallback
RF02261,RF02261,RF02261,fallback
RF02262,RF02262,RF02262,fallback
RF02263,RF02263,RF02263,fallback
RF02264,RF02264,RF02264,fallback
RF02265,RF02265,RF02265,fallback
RF02266,RF02266,RF02266,fallback
RF02271,RF02271,RF02271,fallback
RF02272,RF02272,RF02272,fallback
RF02275,RF02275,RF02275,fallback
RF02276,RF02276,RF02276,fallback
RF02277,RF02277,RF02277,fallback
RF02278,RF02278,RF02278,fallback
RF02342,RF02342,RF02342,fallback
RF02343,RF02343,RF02343,fallback
RF02344,RF02344,RF02344,fallback
RF02345,RF02345,RF02345,fallback
RF02346,RF02346,RF02346,fallback
RF02347,RF02347,RF02347,fallback
RF02348,RF02348,RF02348,fallback
RF02349,RF02349,RF02349,fallback
RF02353,RF02353,RF02353,fallback
RF02355,RF02355,RF02355,fallback
RF02356,RF02356,RF02356,fallback
RF02373,RF02373,RF02373,fallback
RF02376,RF02376,RF02376,fallback
RF02379,RF02379,RF02379,fallback
RF02399,RF02399,RF02399,fallback
RF02401,RF02401,RF02401,fallback
RF02402,RF02402,RF02402,fallback
RF02407,Arabidopsis thaliana chromosome 1 sequence,Arabidopsis thaliana chromosome 1 sequence,header
RF02410,RF02410,RF02410,fallback
RF02411,RF02411,RF02411,fallback
RF02413,RF02413,RF02413,fallback
RF02419,RF02419,RF02419,fallback
RF02420,RF02420,RF02420,fallback
RF02421,RF02421,RF02421,fallback
RF02422,RF02422,RF02422,fallback
RF02423,RF02423,RF02423,fallback
RF02424,RF02424,RF02424,fallback
RF02440,RF02440,RF02440,fallback
RF02442,RF02442,RF02442,fallback
RF02446,RF02446,RF02446,fallback
RF02449,RF02449,RF02449,fallback
RF02452,RF02452,RF02452,fallback
RF02462,"Neurospora crassa OR74A linkage group II, whole genome shotgun sequence","Neurospora crassa OR74A linkage group II, whole genome shotgun sequence",header
RF02463,RF02463,RF02463,fallback
RF02464,RF02464,RF02464,fallback
RF02465,RF02465,RF02465,fallback
RF02466,RF02466,RF02466,fallback
RF02469,RF02469,RF02469,fallback
RF02471,RF02471,RF02471,fallback
RF02496,RF02496,RF02496,fallback
RF02500,RF02500,RF02500,fallback
RF02501,"Pararhizobium antarcticum strain NAQVI 59 contig5, whole genome shotgun sequence","Pararhizobium antarcticum strain NAQVI 59 contig5, whole genome shotgun sequence",header
RF02502,RF02502,RF02502,fallback
RF02503,RF02503,RF02503,fallback
RF02506,RF02506,RF02506,fallback
RF02509,RF02509,RF02509,fallback
RF02510,RF02510,RF02510,fallback
RF02514,RF02514,RF02514,fallback
RF02516,RF02516,RF02516,fallback
RF02520,RF02520,RF02520,fallback
RF02523,RF02523,RF02523,fallback
RF02531,RF02531,RF02531,fallback
RF02535,RF02535,RF02535,fallback
RF02539,RF02539,RF02539,fallback
RF02540,RF02540,RF02540,fallback
RF02541,RF02541,RF02541,fallback
RF02542,RF02542,RF02542,fallback
RF02543,RF02543,RF02543,fallback
RF02552,RF02552,RF02552,fallback
RF02553,RF02553,RF02553,fallback
RF02564,"Escherichia coli 'BL21-Gold(DE3)pLysS AG', complete genome","Escherichia coli 'BL21-Gold(DE3)pLysS AG', complete genome",header
RF02566,"Mycobacterium fortuitum strain CT6, complete genome","Mycobacterium fortuitum strain CT6, complete genome",header
RF02577,"Staphylococcus aureus subsp. aureus NCTC 8325, complete genome","Staphylococcus aureus subsp. aureus NCTC 8325, complete genome",header
RF02584,"Pan troglodytes isolate Yerkes chimp pedigree #C0471 (Clint) chromosome 12, whol","Pan troglodytes isolate Yerkes chimp pedigree #C0471 (Clint) chromosome 12, whole genome shotgun sequence",header
RF02598,"Human herpesvirus 4 DNA, complete genome, strain: HN12","Human herpesvirus 4 DNA, complete genome, strain: HN12",header
RF02600,"Ochrobactrum anthropi ATCC 49188 chromosome 2, complete sequence","Ochrobactrum anthropi ATCC 49188 chromosome 2, complete sequence",header
RF02605,RF02605,RF02605,fallback
RF02625,"Trichonephila clavata DNA, scaffold20978, whole genome shotgun sequence","Trichonephila clavata DNA, scaffold20978, whole genome shotgun sequence",header
RF02645,"Ruegeria pomeroyi DSS-3, complete genome","Ruegeria pomeroyi DSS-3, complete genome",header
RF02646,"Ruegeria pomeroyi DSS-3, complete genome","Ruegeria pomeroyi DSS-3, complete genome",header
RF02647,"Ruegeria pomeroyi DSS-3, complete genome","Ruegeria pomeroyi DSS-3, complete genome",header
RF02656,"Halobacterium hubeiense strain JI20-1 genome assembly, chromosome: I","Halobacterium hubeiense strain JI20-1 genome assembly, chromosome: I",header
RF02673,RF02673,RF02673,fallback
RF02674,Salmonella enterica subsp. enterica serovar Poona strain 22sa NODE_272_length_31,"Salmonella enterica subsp. enterica serovar Poona strain 22sa NODE_272_length_3139_cov_2.94024, whole genome shotgun sequence",header
RF02678,RF02678,RF02678,fallback
RF02679,RF02679,RF02679,fallback
RF02681,RF02681,RF02681,fallback
RF02682,RF02682,RF02682,fallback
RF02683,RF02683,RF02683,fallback
RF02684,RF02684,RF02684,fallback
RF02687,RF02687,RF02687,fallback
RF02688,RF02688,RF02688,fallback
RF02692,RF02692,RF02692,fallback
RF02701,RF02701,RF02701,fallback
RF02723,RF02723,RF02723,fallback
RF02724,RF02724,RF02724,fallback
RF02725,RF02725,RF02725,fallback
RF02735,"Saccharopolyspora sp. ASAGF58 chromosome, complete genome","Saccharopolyspora sp. ASAGF58 chromosome, complete genome",header
RF02736,"Brenneria rubrifaciens strain 6D370 chromosome, complete genome","Brenneria rubrifaciens strain 6D370 chromosome, complete genome",header
RF02744,"Brenneria goodwinii genome assembly B_goodwinii_PB, contig Contig, whole genome","Brenneria goodwinii genome assembly B_goodwinii_PB, contig Contig, whole genome shotgun sequence",header
RF02751,"Shigella flexneri 2a str. 301, complete genome","Shigella flexneri 2a str. 301, complete genome",header
RF02768,RF02768,RF02768,fallback
RF02770,RF02770,RF02770,fallback
RF02773,RF02773,RF02773,fallback
RF02782,RF02782,RF02782,fallback
RF02784,RF02784,RF02784,fallback
RF02790,RF02790,RF02790,fallback
RF02812,"Pseudomonas panipatensis strain CCM 7469 genome assembly, contig: Ga0104674_108,","Pseudomonas panipatensis strain CCM 7469 genome assembly, contig: Ga0104674_108, whole genome shotgun sequence",header
RF02819,RF02819,RF02819,fallback
RF02820,"Vibrio cholerae O1 biovar eltor str. N16961 chromosome I, complete sequence","Vibrio cholerae O1 biovar eltor str. N16961 chromosome I, complete sequence",header
RF02822,"Streptococcus pneumoniae TIGR4, complete genome","Streptococcus pneumoniae TIGR4, complete genome",header
RF02823,RF02823,RF02823,fallback
RF02826,"Streptomyces afghaniensis 772 genomic scaffold STAFG_scaffold1658, whole genome","Streptomyces afghaniensis 772 genomic scaffold STAFG_scaffold1658, whole genome shotgun sequence",header
RF02827,"Streptomyces sp. VN1 chromosome, complete genome","Streptomyces sp. VN1 chromosome, complete genome",header
RF02828,RF02828,RF02828,fallback
RF02829,RF02829,RF02829,fallback
RF02830,RF02830,RF02830,fallback
RF02831,"Streptomyces spinoverrucosus NBRC 14228 DNA, sequence037, whole genome shotgun s","Streptomyces spinoverrucosus NBRC 14228 DNA, sequence037, whole genome shotgun sequence",header
RF02832,RF02832,RF02832,fallback
RF02833,"Streptomyces sp. cf386 genome assembly, contig: Ga0070141_102, whole genome shot","Streptomyces sp. cf386 genome assembly, contig: Ga0070141_102, whole genome shotgun sequence",header
RF02835,"Diaphorobacter sp. J5-51 NODE_108, whole genome shotgun sequence","Diaphorobacter sp. J5-51 NODE_108, whole genome shotgun sequence",header
RF02836,"Papaver nudicaule isolate S-191538 Pnu_contig_251693, whole genome shotgun seque","Papaver nudicaule isolate S-191538 Pnu_contig_251693, whole genome shotgun sequence",header
RF02837,RF02837,RF02837,fallback
RF02840,RF02840,RF02840,fallback
RF02850,RF02850,RF02850,fallback
RF02855,RF02855,RF02855,fallback
RF02862,"Anaerofilum hominis strain BX8 BX8_ctg0005, whole genome shotgun sequence","Anaerofilum hominis strain BX8 BX8_ctg0005, whole genome shotgun sequence",header
RF02863,"Enterococcus sp. NBRC 3427 DNA, sequence028, whole genome shotgun sequence","Enterococcus sp. NBRC 3427 DNA, sequence028, whole genome shotgun sequence",header
RF02865,"Burkholderia seminalis strain 869T2 chromosome 1, complete sequence","Burkholderia seminalis strain 869T2 chromosome 1, complete sequence",header
RF02866,"Burkholderia multivorans ATCC 17616 DNA, complete genome, chromosome 1","Burkholderia multivorans ATCC 17616 DNA, complete genome, chromosome 1",header
RF02867,"Burkholderia dolosa AU0158 supercont1.1 genomic scaffold, whole genome shotgun s","Burkholderia dolosa AU0158 supercont1.1 genomic scaffold, whole genome shotgun sequence",header
RF02869,"Paraburkholderia sediminicola strain LMG 24238 genome assembly, contig: 3, whole","Paraburkholderia sediminicola strain LMG 24238 genome assembly, contig: 3, whole genome shotgun sequence",header
RF02871,"Burkholderia plantarii strain PG1 chromosome 1, complete sequence","Burkholderia plantarii strain PG1 chromosome 1, complete sequence",header
RF02872,"Pseudomonas sp. Wesi-4 isolate CIP111764 genome assembly, contig: scfd_31, whole","Pseudomonas sp. Wesi-4 isolate CIP111764 genome assembly, contig: scfd_31, whole genome shotgun sequence",header
RF02877,RF02877,RF02877,fallback
RF02883,RF02883,RF02883,fallback
RF02884,RF02884,RF02884,fallback
RF02893,RF02893,RF02893,fallback
RF02894,"Staphylococcus aureus subsp. aureus NCTC 8325, complete genome","Staphylococcus aureus subsp. aureus NCTC 8325, complete genome",header
RF02895,RF02895,RF02895,fallback
RF02902,RF02902,RF02902,fallback
RF02911,RF02911,RF02911,fallback
RF02913,RF02913,RF02913,fallback
RF02914,RF02914,RF02914,fallback
RF02915,RF02915,RF02915,fallback
RF02916,RF02916,RF02916,fallback
RF02921,RF02921,RF02921,fallback
RF02923,RF02923,RF02923,fallback
RF02924,RF02924,RF02924,fallback
RF02925,RF02925,RF02925,fallback
RF02926,RF02926,RF02926,fallback
RF02928,RF02928,RF02928,fallback
RF02929,RF02929,RF02929,fallback
RF02930,RF02930,RF02930,fallback
RF02931,RF02931,RF02931,fallback
RF02932,RF02932,RF02932,fallback
RF02935,RF02935,RF02935,fallback
RF02937,RF02937,RF02937,fallback
RF02940,RF02940,RF02940,fallback
RF02942,RF02942,RF02942,fallback
RF02944,RF02944,RF02944,fallback
RF02946,RF02946,RF02946,fallback
RF02951,RF02951,RF02951,fallback
RF02952,RF02952,RF02952,fallback
RF02953,RF02953,RF02953,fallback
RF02954,RF02954,RF02954,fallback
RF02955,RF02955,RF02955,fallback
RF02956,RF02956,RF02956,fallback
RF02957,RF02957,RF02957,fallback
RF02958,RF02958,RF02958,fallback
RF02960,RF02960,RF02960,fallback
RF02962,RF02962,RF02962,fallback
RF02964,RF02964,RF02964,fallback
RF02965,RF02965,RF02965,fallback
RF02966,RF02966,RF02966,fallback
RF02967,RF02967,RF02967,fallback
RF02968,RF02968,RF02968,fallback
RF02969,RF02969,RF02969,fallback
RF02972,RF02972,RF02972,fallback
RF02975,RF02975,RF02975,fallback
RF02976,RF02976,RF02976,fallback
RF02977,RF02977,RF02977,fallback
RF02980,RF02980,RF02980,fallback
RF02982,RF02982,RF02982,fallback
RF02984,RF02984,RF02984,fallback
RF02986,RF02986,RF02986,fallback
RF02987,RF02987,RF02987,fallback
RF02990,RF02990,RF02990,fallback
RF02991,RF02991,RF02991,fallback
RF02992,RF02992,RF02992,fallback
RF02993,RF02993,RF02993,fallback
RF02994,RF02994,RF02994,fallback
RF02995,RF02995,RF02995,fallback
RF02996,RF02996,RF02996,fallback
RF02998,RF02998,RF02998,fallback
RF02999,RF02999,RF02999,fallback
RF03000,RF03000,RF03000,fallback
RF03001,RF03001,RF03001,fallback
RF03003,RF03003,RF03003,fallback
RF03005,RF03005,RF03005,fallback
RF03012,RF03012,RF03012,fallback
RF03013,RF03013,RF03013,fallback
RF03014,RF03014,RF03014,fallback
RF03015,RF03015,RF03015,fallback
RF03018,RF03018,RF03018,fallback
RF03019,RF03019,RF03019,fallback
RF03020,RF03020,RF03020,fallback
RF03021,RF03021,RF03021,fallback
RF03022,RF03022,RF03022,fallback
RF03026,RF03026,RF03026,fallback
RF03027,RF03027,RF03027,fallback
RF03028,RF03028,RF03028,fallback
RF03031,RF03031,RF03031,fallback
RF03032,RF03032,RF03032,fallback
RF03034,RF03034,RF03034,fallback
RF03037,RF03037,RF03037,fallback
RF03039,RF03039,RF03039,fallback
RF03044,RF03044,RF03044,fallback
RF03046,RF03046,RF03046,fallback
RF03052,RF03052,RF03052,fallback
RF03054,RF03054,RF03054,fallback
RF03057,RF03057,RF03057,fallback
RF03058,RF03058,RF03058,fallback
RF03059,RF03059,RF03059,fallback
RF03060,RF03060,RF03060,fallback
RF03062,RF03062,RF03062,fallback
RF03063,RF03063,RF03063,fallback
RF03064,RF03064,RF03064,fallback
RF03065,RF03065,RF03065,fallback
RF03067,RF03067,RF03067,fallback
RF03068,RF03068,RF03068,fallback
RF03069,RF03069,RF03069,fallback
RF03070,RF03070,RF03070,fallback
RF03071,RF03071,RF03071,fallback
RF03072,RF03072,RF03072,fallback
RF03074,RF03074,RF03074,fallback
RF03075,RF03075,RF03075,fallback
RF03076,RF03076,RF03076,fallback
RF03077,RF03077,RF03077,fallback
RF03078,RF03078,RF03078,fallback
RF03081,RF03081,RF03081,fallback
RF03082,RF03082,RF03082,fallback
RF03085,RF03085,RF03085,fallback
RF03086,RF03086,RF03086,fallback
RF03090,RF03090,RF03090,fallback
RF03126,RF03126,RF03126,fallback
RF03127,RF03127,RF03127,fallback
RF03128,RF03128,RF03128,fallback
RF03129,RF03129,RF03129,fallback
RF03130,RF03130,RF03130,fallback
RF03131,RF03131,RF03131,fallback
RF03132,RF03132,RF03132,fallback
RF03133,RF03133,RF03133,fallback
RF03135,RF03135,RF03135,fallback
RF03136,RF03136,RF03136,fallback
RF03137,RF03137,RF03137,fallback
RF03138,RF03138,RF03138,fallback
RF03139,RF03139,RF03139,fallback
RF03140,RF03140,RF03140,fallback
RF03141,RF03141,RF03141,fallback
RF03142,RF03142,RF03142,fallback
RF03143,RF03143,RF03143,fallback
RF03144,RF03144,RF03144,fallback
RF03146,RF03146,RF03146,fallback
RF03147,RF03147,RF03147,fallback
RF03148,RF03148,RF03148,fallback
RF03155,RF03155,RF03155,fallback
RF03156,RF03156,RF03156,fallback
RF03157,RF03157,RF03157,fallback
RF03158,RF03158,RF03158,fallback
RF03160,RF03160,RF03160,fallback
RF03161,RF03161,RF03161,fallback
RF03162,RF03162,RF03162,fallback
RF03163,RF03163,RF03163,fallback
RF03166,RF03166,RF03166,fallback
RF03167,RF03167,RF03167,fallback
RF03169,RF03169,RF03169,fallback
RF03176,"Brachypodium distachyon strain Bd21 chromosome 2, whole genome shotgun sequence","Brachypodium distachyon strain Bd21 chromosome 2, whole genome shotgun sequence",header
RF03186,RF03186,RF03186,fallback
RF03189,RF03189,RF03189,fallback
RF03208,"Rhagologus leucostigma isolate B10K-DU-029-40 scaffold1196, whole genome shotgun","Rhagologus leucostigma isolate B10K-DU-029-40 scaffold1196, whole genome shotgun sequence",header
RF03212,RF03212,RF03212,fallback
RF03214,RF03214,RF03214,fallback
RF03218,"Acyrthosiphon pisum isolate AL4f chromosome A3, whole genome shotgun sequence","Acyrthosiphon pisum isolate AL4f chromosome A3, whole genome shotgun sequence",header
RF03227,"Drosophila pseudoobscura strain MV2-25 chromosome X, UCI_Dpse_MV25, whole genome","Drosophila pseudoobscura strain MV2-25 chromosome X, UCI_Dpse_MV25, whole genome shotgun sequence",header
RF03232,Bos taurus breed Hereford isolate L1 Dominette 01449 registration number 4219068,"Bos taurus breed Hereford isolate L1 Dominette 01449 registration number 42190680 ScbfJmS_2447, whole genome shotgun sequence",header
RF03240,"Oryza barthii chromosome 11, whole genome shotgun sequence","Oryza barthii chromosome 11, whole genome shotgun sequence",header
RF03241,Anser cygnoides isolate SCWG-2014 breed Sichuan white goose unplaced genomic sca,"Anser cygnoides isolate SCWG-2014 breed Sichuan white goose unplaced genomic scaffold scaffold69, whole genome shotgun sequence",header
RF03242,RF03242,RF03242,fallback
RF03247,"Homo sapiens chromosome 3, GRCh38 reference primary assembly","Homo sapiens chromosome 3, GRCh38 reference primary assembly",header
RF03255,RF03255,RF03255,fallback
RF03261,"Coturnix japonica isolate 7356 chromosome 2, whole genome shotgun sequence","Coturnix japonica isolate 7356 chromosome 2, whole genome shotgun sequence",header
RF03265,"Manacus vitellinus isolate BGI_N305 unplaced genomic scaffold scaffold44, whole","Manacus vitellinus isolate BGI_N305 unplaced genomic scaffold scaffold44, whole genome shotgun sequence",header
RF03272,"Astyanax mexicanus isolate Rio Sabinas/Rio Valles surface cross chromosome 9, wh","Astyanax mexicanus isolate Rio Sabinas/Rio Valles surface cross chromosome 9, whole genome shotgun sequence",header
RF03278,RF03278,RF03278,fallback
RF03279,RF03279,RF03279,fallback
RF03288,"Mus musculus chromosome 19, GRCm39 reference primary assembly C57BL/6J","Mus musculus chromosome 19, GRCm39 reference primary assembly C57BL/6J",header
RF03292,RF03292,RF03292,fallback
RF03299,RF03299,RF03299,fallback
RF03301,RF03301,RF03301,fallback
RF03304,"Phasianus colchicus isolate SZU-A5-319 scaffold31_cov58, whole genome shotgun se","Phasianus colchicus isolate SZU-A5-319 scaffold31_cov58, whole genome shotgun sequence",header
RF03313,RF03313,RF03313,fallback
RF03315,"Synaphobranchus kaupii isolate WJC10195 ecotype Taiwan chromosome 4, whole genom","Synaphobranchus kaupii isolate WJC10195 ecotype Taiwan chromosome 4, whole genome shotgun sequence",header
RF03319,RF03319,RF03319,fallback
RF03322,"Charadrius vociferus isolate BGI_N301 unplaced genomic scaffold scaffold455, who","Charadrius vociferus isolate BGI_N301 unplaced genomic scaffold scaffold455, whole genome shotgun sequence",header
RF03325,"Branchiostoma floridae strain S238N-H82 chromosome 17, Bfl_VNyyK, whole genome s","Branchiostoma floridae strain S238N-H82 chromosome 17, Bfl_VNyyK, whole genome shotgun sequence",header
RF03342,"Patagioenas fasciata monilis isolate BTP2013 Sc31e1R_20, whole genome shotgun se","Patagioenas fasciata monilis isolate BTP2013 Sc31e1R_20, whole genome shotgun sequence",header
RF03353,"Medicago truncatula strain A17 chromosome 5, whole genome shotgun sequence","Medicago truncatula strain A17 chromosome 5, whole genome shotgun sequence",header
RF03354,RF03354,RF03354,fallback
RF03359,"Coturnix japonica isolate 7356 chromosome 15, whole genome shotgun sequence","Coturnix japonica isolate 7356 chromosome 15, whole genome shotgun sequence",header
RF03378,RF03378,RF03378,fallback
RF03379,RF03379,RF03379,fallback
RF03381,RF03381,RF03381,fallback
RF03387,"Suricata suricatta isolate VVHF042 chromosome 5, whole genome shotgun sequence","Suricata suricatta isolate VVHF042 chromosome 5, whole genome shotgun sequence",header
RF03400,"Danio rerio strain Tuebingen chromosome 24, GRCz11 Primary Assembly","Danio rerio strain Tuebingen chromosome 24, GRCz11 Primary Assembly",header
RF03404,RF03404,RF03404,fallback
RF03407,"Oryza sativa Japonica Group DNA, chromosome 8, cultivar: Nipponbare, complete se","Oryza sativa Japonica Group DNA, chromosome 8, cultivar: Nipponbare, complete sequence",header
RF03414,RF03414,RF03414,fallback
RF03419,RF03419,RF03419,fallback
RF03435,"Anolis carolinensis chromosome 2, whole genome shotgun sequence","Anolis carolinensis chromosome 2, whole genome shotgun sequence",header
RF03439,"Ficedula albicollis isolate OC2 chromosome 11, whole genome shotgun sequence","Ficedula albicollis isolate OC2 chromosome 11, whole genome shotgun sequence",header
RF03443,"Chloebia gouldiae isolate Red01 scaffold_29, whole genome shotgun sequence","Chloebia gouldiae isolate Red01 scaffold_29, whole genome shotgun sequence",header
RF03445,"Hucho hucho isolate haploid_2015_munich scaffold1349, whole genome shotgun seque","Hucho hucho isolate haploid_2015_munich scaffold1349, whole genome shotgun sequence",header
RF03456,RF03456,RF03456,fallback
RF03465,"Triticum urartu cultivar G1812 chromosome 1, whole genome shotgun sequence","Triticum urartu cultivar G1812 chromosome 1, whole genome shotgun sequence",header
RF03466,"Pan troglodytes isolate Yerkes chimp pedigree #C0471 (Clint) Contig6428.1, whole","Pan troglodytes isolate Yerkes chimp pedigree #C0471 (Clint) Contig6428.1, whole genome shotgun sequence",header
RF03470,"Pan troglodytes isolate Yerkes chimp pedigree #C0471 (Clint) chromosome 4, whole","Pan troglodytes isolate Yerkes chimp pedigree #C0471 (Clint) chromosome 4, whole genome shotgun sequence",header
RF03473,"Canis lupus familiaris isolate SID07034 breed Labrador retriever chromosome 21,","Canis lupus familiaris isolate SID07034 breed Labrador retriever chromosome 21, whole genome shotgun sequence",header
RF03480,RF03480,RF03480,fallback
RF03481,"Equus caballus isolate Twilight breed thoroughbred chromosome 8, whole genome sh","Equus caballus isolate Twilight breed thoroughbred chromosome 8, whole genome shotgun sequence",header
RF03483,RF03483,RF03483,fallback
RF03490,"Gallus gallus isolate bGalGal1 chromosome Z, whole genome shotgun sequence","Gallus gallus isolate bGalGal1 chromosome Z, whole genome shotgun sequence",header
RF03494,"Phocoena sinus isolate mPhoSin1 chromosome 16, whole genome shotgun sequence","Phocoena sinus isolate mPhoSin1 chromosome 16, whole genome shotgun sequence",header
RF03508,RF03508,RF03508,fallback
RF03510,"Piliocolobus tephrosceles isolate RC106 chromosome 4, whole genome shotgun seque","Piliocolobus tephrosceles isolate RC106 chromosome 4, whole genome shotgun sequence",header
RF03517,RF03517,RF03517,fallback
RF03525,RF03525,RF03525,fallback
RF03531,RF03531,RF03531,fallback
RF03561,Bos taurus isolate L1 Dominette 01449 registration number 42190680 breed Herefor,"Bos taurus isolate L1 Dominette 01449 registration number 42190680 breed Hereford chromosome 19, whole genome shotgun sequence",header
RF03567,"Solanum tuberosum unplaced genomic scaffold scf00502, whole genome shotgun seque","Solanum tuberosum unplaced genomic scaffold scf00502, whole genome shotgun sequence",header
RF03577,"Myotis davidii unplaced genomic scaffold scaffold97, whole genome shotgun sequen","Myotis davidii unplaced genomic scaffold scaffold97, whole genome shotgun sequence",header
RF03601,"Solanum tuberosum unplaced genomic scaffold scf00252, whole genome shotgun seque","Solanum tuberosum unplaced genomic scaffold scf00252, whole genome shotgun sequence",header
RF03608,"Nematostella vectensis NEMVEscaffold_1 genomic scaffold, whole genome shotgun se","Nematostella vectensis NEMVEscaffold_1 genomic scaffold, whole genome shotgun sequence",header
RF03613,"Sorghum bicolor cultivar BTx623 chromosome 9, whole genome shotgun sequence","Sorghum bicolor cultivar BTx623 chromosome 9, whole genome shotgun sequence",header
RF03620,RF03620,RF03620,fallback
RF03622,Oryzias latipes strain Hd-rR chromosome 7 sequence,Oryzias latipes strain Hd-rR chromosome 7 sequence,header
RF03625,"Nicotiana sylvestris unplaced genomic scaffold, Nsyl Nsyl_scaffold17310, whole g","Nicotiana sylvestris unplaced genomic scaffold, Nsyl Nsyl_scaffold17310, whole genome shotgun sequence",header
RF03632,RF03632,RF03632,fallback
RF03653,RF03653,RF03653,fallback
RF03662,RF03662,RF03662,fallback
RF03664,"Prunus dulcis genome assembly, chromosome: 1, whole genome shotgun sequence","Prunus dulcis genome assembly, chromosome: 1, whole genome shotgun sequence",header
RF03665,"Glycine max cultivar Williams 82 chromosome 7, whole genome shotgun sequence","Glycine max cultivar Williams 82 chromosome 7, whole genome shotgun sequence",header
RF03668,RF03668,RF03668,fallback
RF03673,"Bombyx mori p50T DNA, chromosome 1, draft genome sequence, whole genome shotgun","Bombyx mori p50T DNA, chromosome 1, draft genome sequence, whole genome shotgun sequence",header
RF03674,"Sorghum bicolor cultivar BTx623 chromosome 7, whole genome shotgun sequence","Sorghum bicolor cultivar BTx623 chromosome 7, whole genome shotgun sequence",header
RF03676,"Oryza sativa Japonica Group DNA, chromosome 11, cultivar: Nipponbare, complete s","Oryza sativa Japonica Group DNA, chromosome 11, cultivar: Nipponbare, complete sequence",header
RF03690,"Equus caballus isolate Twilight breed thoroughbred chromosome 1, whole genome sh","Equus caballus isolate Twilight breed thoroughbred chromosome 1, whole genome shotgun sequence",header
RF03691,RF03691,RF03691,fallback
RF03692,RF03692,RF03692,fallback
RF03695,RF03695,RF03695,fallback
RF03697,Astyanax mexicanus isolate Rio Sabinas/Rio Valles surface cross Unplaced_Scaffol,"Astyanax mexicanus isolate Rio Sabinas/Rio Valles surface cross Unplaced_Scaffold_581, whole genome shotgun sequence",header
RF03700,"Nephila pilipes DNA, scaffold22799, whole genome shotgun sequence","Nephila pilipes DNA, scaffold22799, whole genome shotgun sequence",header
RF03710,"Phaethon lepturus isolate BGI_N335 unplaced genomic scaffold scaffold24893, whol","Phaethon lepturus isolate BGI_N335 unplaced genomic scaffold scaffold24893, whole genome shotgun sequence",header
RF03712,"Populus trichocarpa isolate Nisqually-1 chromosome 15, whole genome shotgun sequ","Populus trichocarpa isolate Nisqually-1 chromosome 15, whole genome shotgun sequence",header
RF03749,"Medicago truncatula strain A17 chromosome 8, whole genome shotgun sequence","Medicago truncatula strain A17 chromosome 8, whole genome shotgun sequence",header
RF03752,"Medicago truncatula strain A17 chromosome 4, whole genome shotgun sequence","Medicago truncatula strain A17 chromosome 4, whole genome shotgun sequence",header
RF03759,"Gossypium mustelinum isolate 1408120.09 chromosome D04, whole genome shotgun seq","Gossypium mustelinum isolate 1408120.09 chromosome D04, whole genome shotgun sequence",header
RF03768,RF03768,RF03768,fallback
RF03778,RF03778,RF03778,fallback
RF03779,RF03779,RF03779,fallback
RF03780,"Bombyx mori p50T DNA, chromosome 1, draft genome sequence, whole genome shotgun","Bombyx mori p50T DNA, chromosome 1, draft genome sequence, whole genome shotgun sequence",header
RF03782,"Pongo abelii isolate Susie chromosome 5, whole genome shotgun sequence","Pongo abelii isolate Susie chromosome 5, whole genome shotgun sequence",header
RF03789,"Medicago truncatula strain A17 chromosome 4, whole genome shotgun sequence","Medicago truncatula strain A17 chromosome 4, whole genome shotgun sequence",header
RF03790,"Solanum tuberosum unplaced genomic scaffold scf00349, whole genome shotgun seque","Solanum tuberosum unplaced genomic scaffold scf00349, whole genome shotgun sequence",header
RF03794,"Medicago truncatula strain A17 chromosome 7, whole genome shotgun sequence","Medicago truncatula strain A17 chromosome 7, whole genome shotgun sequence",header
RF03800,"Nomascus leucogenys unplaced genomic scaffold NLEUN_GL397501, whole genome shotg","Nomascus leucogenys unplaced genomic scaffold NLEUN_GL397501, whole genome shotgun sequence",header
RF03803,"Solanum tuberosum unplaced genomic scaffold scf00133, whole genome shotgun seque","Solanum tuberosum unplaced genomic scaffold scf00133, whole genome shotgun sequence",header
RF03813,"Solanum tuberosum unplaced genomic scaffold scf00081, whole genome shotgun seque","Solanum tuberosum unplaced genomic scaffold scf00081, whole genome shotgun sequence",header
RF03816,"Prunus dulcis genome assembly, chromosome: 2, whole genome shotgun sequence","Prunus dulcis genome assembly, chromosome: 2, whole genome shotgun sequence",header
RF03824,"Medicago truncatula strain A17 chromosome 1, whole genome shotgun sequence","Medicago truncatula strain A17 chromosome 1, whole genome shotgun sequence",header
RF03833,RF03833,RF03833,fallback
RF03839,"Medicago truncatula strain A17 chromosome 1, whole genome shotgun sequence","Medicago truncatula strain A17 chromosome 1, whole genome shotgun sequence",header
RF03840,RF03840,RF03840,fallback
RF03842,"Medicago truncatula strain A17 chromosome 1, whole genome shotgun sequence","Medicago truncatula strain A17 chromosome 1, whole genome shotgun sequence",header
RF03860,RF03860,RF03860,fallback
RF03869,"Bombyx mori p50T DNA, chromosome 17, draft genome sequence, whole genome shotgun","Bombyx mori p50T DNA, chromosome 17, draft genome sequence, whole genome shotgun sequence",header
RF03874,"Canis lupus familiaris isolate SID07034 breed Labrador retriever chromosome 12,","Canis lupus familiaris isolate SID07034 breed Labrador retriever chromosome 12, whole genome shotgun sequence",header
RF03875,RF03875,RF03875,fallback
RF03880,"Coturnix japonica isolate 7356 chromosome 4, whole genome shotgun sequence","Coturnix japonica isolate 7356 chromosome 4, whole genome shotgun sequence",header
RF03883,RF03883,RF03883,fallback
RF03896,RF03896,RF03896,fallback
RF03900,"Eptesicus nilssonii isolate BLF_Eptnil Scaffold_15, whole genome shotgun sequenc","Eptesicus nilssonii isolate BLF_Eptnil Scaffold_15, whole genome shotgun sequence",header
RF03904,"Solanum tuberosum unplaced genomic scaffold scf00534, whole genome shotgun seque","Solanum tuberosum unplaced genomic scaffold scf00534, whole genome shotgun sequence",header
RF03915,"Medicago truncatula strain A17 chromosome 4, whole genome shotgun sequence","Medicago truncatula strain A17 chromosome 4, whole genome shotgun sequence",header
RF03926,"Sorghum bicolor cultivar BTx623 chromosome 2, whole genome shotgun sequence","Sorghum bicolor cultivar BTx623 chromosome 2, whole genome shotgun sequence",header
RF03935,"Sciurus carolinensis isolate SUZIE scaffold6792, whole genome shotgun sequence","Sciurus carolinensis isolate SUZIE scaffold6792, whole genome shotgun sequence",header
RF03940,"Brassica napus genomic scaffold, scaffold_973, whole genome shotgun sequence","Brassica napus genomic scaffold, scaffold_973, whole genome shotgun sequence",header
RF03956,RF03956,RF03956,fallback
RF03969,"Callithrix jacchus isolate mCalJac1 chromosome 18, whole genome shotgun sequence","Callithrix jacchus isolate mCalJac1 chromosome 18, whole genome shotgun sequence",header
RF03981,RF03981,RF03981,fallback
RF03983,RF03983,RF03983,fallback
RF03991,"Eptesicus nilssonii isolate BLF_Eptnil Scaffold_11, whole genome shotgun sequenc","Eptesicus nilssonii isolate BLF_Eptnil Scaffold_11, whole genome shotgun sequence",header
RF04018,"Rhipicephalus microplus isolate Rmic-2018 Seq4115, whole genome shotgun sequence","Rhipicephalus microplus isolate Rmic-2018 Seq4115, whole genome shotgun sequence",header
RF04021,"Schistosoma japonicum isolate HuSjv2 scaffold_197, whole genome shotgun sequence","Schistosoma japonicum isolate HuSjv2 scaffold_197, whole genome shotgun sequence",header
RF04032,"Populus trichocarpa isolate Nisqually-1 chromosome 17, whole genome shotgun sequ","Populus trichocarpa isolate Nisqually-1 chromosome 17, whole genome shotgun sequence",header
RF04047,"Eptesicus nilssonii isolate BLF_Eptnil Scaffold_1, whole genome shotgun sequence","Eptesicus nilssonii isolate BLF_Eptnil Scaffold_1, whole genome shotgun sequence",header
RF04051,"Plutella xylostella genome assembly, contig: Sc0000082, whole genome shotgun seq","Plutella xylostella genome assembly, contig: Sc0000082, whole genome shotgun sequence",header
RF04053,RF04053,RF04053,fallback
RF04054,RF04054,RF04054,fallback
RF04063,RF04063,RF04063,fallback
RF04064,RF04064,RF04064,fallback
RF04065,"Ameiurus melas isolate M_S1 chromosome 5, whole genome shotgun sequence","Ameiurus melas isolate M_S1 chromosome 5, whole genome shotgun sequence",header
RF04072,RF04072,RF04072,fallback
RF04074,RF04074,RF04074,fallback
RF04078,RF04078,RF04078,fallback
RF04085,RF04085,RF04085,fallback
RF04087,RF04087,RF04087,fallback
RF04088,RF04088,RF04088,fallback
RF04091,RF04091,RF04091,fallback
RF04093,"Gallus gallus isolate bGalGal1 chromosome 3, whole genome shotgun sequence","Gallus gallus isolate bGalGal1 chromosome 3, whole genome shotgun sequence",header
RF04097,RF04097,RF04097,fallback
RF04110,"Triticum aestivum genome assembly, chromosome: 1A","Triticum aestivum genome assembly, chromosome: 1A",header
RF04111,"Prunus persica cultivar Lovell chromosome G7, whole genome shotgun sequence","Prunus persica cultivar Lovell chromosome G7, whole genome shotgun sequence",header
RF04114,"Glycine max cultivar Williams 82 chromosome 18, whole genome shotgun sequence","Glycine max cultivar Williams 82 chromosome 18, whole genome shotgun sequence",header
RF04124,RF04124,RF04124,fallback
RF04126,RF04126,RF04126,fallback
RF04127,"Solanum tuberosum unplaced genomic scaffold scf00143, whole genome shotgun seque","Solanum tuberosum unplaced genomic scaffold scf00143, whole genome shotgun sequence",header
RF04130,"Solanum commersonii isolate LZ3.2 chromosome 6, whole genome shotgun sequence","Solanum commersonii isolate LZ3.2 chromosome 6, whole genome shotgun sequence",header
RF04134,RF04134,RF04134,fallback
RF04141,"Ectocarpus siliculosus strain Ec 32, whole genome shotgun sequence assembly, chr","Ectocarpus siliculosus strain Ec 32, whole genome shotgun sequence assembly, chromosome LG21",header
RF04142,"Homo sapiens chromosome 9, GRCh38 reference primary assembly","Homo sapiens chromosome 9, GRCh38 reference primary assembly",header
RF04150,RF04150,RF04150,fallback
RF04152,RF04152,RF04152,fallback
RF04155,"Eptesicus nilssonii isolate BLF_Eptnil Scaffold_7, whole genome shotgun sequence","Eptesicus nilssonii isolate BLF_Eptnil Scaffold_7, whole genome shotgun sequence",header
RF04156,RF04156,RF04156,fallback
RF04158,RF04158,RF04158,fallback
RF04163,RF04163,RF04163,fallback
RF04172,"Gossypium laxum isolate 4 chromosome 2, whole genome shotgun sequence","Gossypium laxum isolate 4 chromosome 2, whole genome shotgun sequence",header
RF04175,RF04175,RF04175,fallback
RF04183,RF04183,RF04183,fallback
RF04188,RF04188,RF04188,fallback
RF04190,RF04190,RF04190,fallback
RF04195,"Sorghum bicolor cultivar BTx623 chromosome 4, whole genome shotgun sequence","Sorghum bicolor cultivar BTx623 chromosome 4, whole genome shotgun sequence",header
RF04200,"Nematostella vectensis NEMVEscaffold_4575 genomic scaffold, whole genome shotgun","Nematostella vectensis NEMVEscaffold_4575 genomic scaffold, whole genome shotgun sequence",header
RF04204,RF04204,RF04204,fallback
RF04205,"Medicago truncatula strain A17 chromosome 3, whole genome shotgun sequence","Medicago truncatula strain A17 chromosome 3, whole genome shotgun sequence",header
RF04210,"Gossypium raimondii chromosome 2, whole genome shotgun sequence","Gossypium raimondii chromosome 2, whole genome shotgun sequence",header
RF04212,"Vulpes vulpes strain TameXAggressive cross unplaced genomic scaffold, VulVul2.2","Vulpes vulpes strain TameXAggressive cross unplaced genomic scaffold, VulVul2.2 scaffold279, whole genome shotgun sequence",header
RF04215,"Eptesicus nilssonii isolate BLF_Eptnil Scaffold_9, whole genome shotgun sequence","Eptesicus nilssonii isolate BLF_Eptnil Scaffold_9, whole genome shotgun sequence",header
RF04216,RF04216,RF04216,fallback
RF04219,RF04219,RF04219,fallback
RF04220,RF04220,RF04220,fallback
RF04221,RF04221,RF04221,fallback
RF04223,"Medicago truncatula strain A17 chromosome 8, whole genome shotgun sequence","Medicago truncatula strain A17 chromosome 8, whole genome shotgun sequence",header
RF04224,RF04224,RF04224,fallback
RF04225,RF04225,RF04225,fallback
RF04226,RF04226,RF04226,fallback
RF04227,RF04227,RF04227,fallback
RF04229,"Eptesicus nilssonii isolate BLF_Eptnil Scaffold_12, whole genome shotgun sequenc","Eptesicus nilssonii isolate BLF_Eptnil Scaffold_12, whole genome shotgun sequence",header
RF04230,"Eptesicus nilssonii isolate BLF_Eptnil Scaffold_11, whole genome shotgun sequenc","Eptesicus nilssonii isolate BLF_Eptnil Scaffold_11, whole genome shotgun sequence",header
RF04233,"Mus spicilegus strain ZRU musp714_scaffold_00013b, whole genome shotgun sequence","Mus spicilegus strain ZRU musp714_scaffold_00013b, whole genome shotgun sequence",header
RF04234,RF04234,RF04234,fallback
RF04236,RF04236,RF04236,fallback
RF04244,RF04244,RF04244,fallback
RF04247,RF04247,RF04247,fallback
RF04248,RF04248,RF04248,fallback
RF04249,RF04249,RF04249,fallback
RF04251,"Brachypodium distachyon strain Bd21 chromosome 1, whole genome shotgun sequence","Brachypodium distachyon strain Bd21 chromosome 1, whole genome shotgun sequence",header
RF04254,RF04254,RF04254,fallback
RF04257,"Myotis myotis isolate mMyoMyo1 scaffold_m19_p_12, whole genome shotgun sequence","Myotis myotis isolate mMyoMyo1 scaffold_m19_p_12, whole genome shotgun sequence",header
RF04261,RF04261,RF04261,fallback
RF04263,RF04263,RF04263,fallback
RF04266,RF04266,RF04266,fallback
RF04271,RF04271,RF04271,fallback
RF04272,RF04272,RF04272,fallback
RF04274,RF04274,RF04274,fallback
RF04275,RF04275,RF04275,fallback
RF04276,"Glycine max cultivar Williams 82 chromosome 7, whole genome shotgun sequence","Glycine max cultivar Williams 82 chromosome 7, whole genome shotgun sequence",header
RF04280,RF04280,RF04280,fallback
RF04282,RF04282,RF04282,fallback
RF04284,RF04284,RF04284,fallback
RF04285,RF04285,RF04285,fallback
RF04286,RF04286,RF04286,fallback
RF04287,"Eptesicus nilssonii isolate BLF_Eptnil Scaffold_17, whole genome shotgun sequenc","Eptesicus nilssonii isolate BLF_Eptnil Scaffold_17, whole genome shotgun sequence",header
RF04291,RF04291,RF04291,fallback
RF04292,RF04292,RF04292,fallback
RF04294,"Sus scrofa breed Duroc isolate TJ Tabasco Contig1914_1, whole genome shotgun seq","Sus scrofa breed Duroc isolate TJ Tabasco Contig1914_1, whole genome shotgun sequence",header
RF04295,RF04295,RF04295,fallback
RF04305,RF04305,RF04305,fallback
RF04306,RF04306,RF04306,fallback
RF04307,RF04307,RF04307,fallback
RF04308,RF04308,RF04308,fallback
RF04309,RF04309,RF04309,fallback
RF04311,RF04311,RF04311,fallback
RF04312,RF04312,RF04312,fallback
RF04314,RF04314,RF04314,fallback
RF04318,RF04318,RF04318,fallback
RF04319,RF04319,RF04319,fallback
RF04321,RF04321,RF04321,fallback
RF04326,RF04326,RF04326,fallback
RF04328,"Schizosaccharomyces japonicus yFS275 unplaced genomic scaffold supercont5.1, who","Schizosaccharomyces japonicus yFS275 unplaced genomic scaffold supercont5.1, whole genome shotgun sequence",header
RF04331,RF04331,RF04331,fallback
RF04332,RF04332,RF04332,fallback
RF04333,RF04333,RF04333,fallback
RF04334,RF04334,RF04334,fallback
RF04335,RF04335,RF04335,fallback
RF04336,RF04336,RF04336,fallback
RF04337,RF04337,RF04337,fallback
RF04338,RF04338,RF04338,fallback
RF04339,RF04339,RF04339,fallback
RF04340,RF04340,RF04340,fallback
RF04341,RF04341,RF04341,fallback
RF04342,RF04342,RF04342,fallback
RF04343,RF04343,RF04343,fallback
RF04344,RF04344,RF04344,fallback
RF04345,RF04345,RF04345,fallback
RF04346,RF04346,RF04346,fallback
RF04347,RF04347,RF04347,fallback
RF04348,RF04348,RF04348,fallback
RF04349,RF04349,RF04349,fallback
RF04350,RF04350,RF04350,fallback
RF04351,RF04351,RF04351,fallback
RF04352,RF04352,RF04352,fallback
RF04353,RF04353,RF04353,fallback
RF04354,RF04354,RF04354,fallback
RF04355,RF04355,RF04355,fallback
RF04356,RF04356,RF04356,fallback
RF04357,RF04357,RF04357,fallback
RF04358,RF04358,RF04358,fallback
RF04359,RF04359,RF04359,fallback
RF04360,RF04360,RF04360,fallback
